Channel_Name,Channel_ID,Date_of_Publishing,Hour_GMT2,Title,Description,Tags,video_type,View_Count,Like_Count,Comment_Count,Favorite_Count,Definition,Has_Captions,Licensed_Content,Topic_Categories,Names_Extracted,Video_ID,Duration,Thumbnail_URL
Wywiadowcy Podcast,UChgp0bnprzgBQLWAc-PEgvg,2025-07-30,11:00,Prof. WÅ‚odzisÅ‚aw Duch o elektrycznych owcach #shorts,,"wywiadowcy podcast, wywiadowcy, na dachu, rozmowa, wywiad, nauka, filozof, informatyk, sztuczna inteligencja, AI, duch wywiadowcy, wÅ‚odzisÅ‚aw duch rozmowa, wÅ‚odzisÅ‚aw duch wywiad, duch rozmowa, wÅ‚odzisÅ‚aw duch, duch wywiad, duch, lepsi ludzie, naukowiec, profesor duch, Å›wiaty wirtualne, filozofia, karl popper, mÃ³zg, umysÅ‚, wyobraÅ¼enia, kultura, sieci neuronowe, Å‚owca androidÃ³w, ksiÄ…Å¼ka, philip k dick, czy androidy Å›niÄ… o elektrycznych owcach, elektryczne owce",shorts,3052,64,0,0,hd,true,True,28,WÅ‚odzisÅ‚aw Duch,JIa2lNG3f_E,PT52S,https://i.ytimg.com/vi/JIa2lNG3f_E/default.jpg
Przemek GÃ³rczyk Podcast,UCrKY6A2xsHXgw3MK9mkan5w,2025-07-31,11:01,14 Jak WyglÄ…da Wspinaczka w Wysokich GÃ³rach? â€“ ft. Piotr PajÄ…k,"CaÅ‚oÅ›Ä‡ rozmowy oglÄ…daj tutaj: https://youtu.be/ApFFXJpBuZg
ğŸ§ SÅ‚uchaj na Spotify: https://open.spotify.com/episode/6EQOmpUXavkC8AvmrwMCFf
Dodatkowe materiaÅ‚y tutaj:Â https://www.instagram.com/przemekgorczyk/
WejdÅº na https://hecato.pl i zobacz, co dla Ciebie przygotowaliÅ›my.
DoÅ‚Ä…cz do newslettera i zapomnij, Å¼e niemdziela wieczur i humor popsuty:Â https://pgpodcast.pl/news

#podrÃ³Å¼e #Tajlandia #mma 

YouTube GoÅ›cia: @PodrÃ³Å¼eWojownika",,shorts,7473,76,0,0,hd,false,True,27,"Piotr PajÄ…k, Jak WyglÄ…da, Jak WyglÄ…da Wspinaczka, Wysokich GÃ³rach",hhhsq4nBHGc,PT30S,https://i.ytimg.com/vi/hhhsq4nBHGc/default.jpg
Przemek GÃ³rczyk Podcast,UCrKY6A2xsHXgw3MK9mkan5w,2025-07-31,10:00,13 ZawinÄ™Å‚o Mnie ChiÅ„skie Wojsko â€“ ft. Piotr PajÄ…k,"CaÅ‚oÅ›Ä‡ rozmowy oglÄ…daj tutaj: https://youtu.be/ApFFXJpBuZg
ğŸ§ SÅ‚uchaj na Spotify: https://open.spotify.com/episode/6EQOmpUXavkC8AvmrwMCFf
Dodatkowe materiaÅ‚y tutaj:Â https://www.instagram.com/przemekgorczyk/
WejdÅº na https://hecato.pl i zobacz, co dla Ciebie przygotowaliÅ›my.
DoÅ‚Ä…cz do newslettera i zapomnij, Å¼e niemdziela wieczur i humor popsuty:Â https://pgpodcast.pl/news

#podrÃ³Å¼e #Tajlandia #mma 

YouTube GoÅ›cia: @PodrÃ³Å¼eWojownika",,long,31771,344,9,0,hd,false,True,27,"ZawinÄ™Å‚o Mnie, ChiÅ„skie Wojsko, Piotr PajÄ…k, ZawinÄ™Å‚o Mnie ChiÅ„skie",BTGwgRIDcfg,PT1M7S,https://i.ytimg.com/vi/BTGwgRIDcfg/default.jpg
Przemek GÃ³rczyk Podcast,UCrKY6A2xsHXgw3MK9mkan5w,2025-07-31,09:01,12 Co ChatGPT MÃ³wi o Rosji? â€“ ft. Piotr PajÄ…k,"CaÅ‚oÅ›Ä‡ rozmowy oglÄ…daj tutaj: https://youtu.be/ApFFXJpBuZg
ğŸ§ SÅ‚uchaj na Spotify: https://open.spotify.com/episode/6EQOmpUXavkC8AvmrwMCFf
Dodatkowe materiaÅ‚y tutaj:Â https://www.instagram.com/przemekgorczyk/
WejdÅº na https://hecato.pl i zobacz, co dla Ciebie przygotowaliÅ›my.
DoÅ‚Ä…cz do newslettera i zapomnij, Å¼e niemdziela wieczur i humor popsuty:Â https://pgpodcast.pl/news

#podrÃ³Å¼e #Tajlandia #mma 

YouTube GoÅ›cia: @PodrÃ³Å¼eWojownika",,shorts,11295,119,0,0,hd,false,True,27,Piotr PajÄ…k,qkWxcw_Sqgc,PT56S,https://i.ytimg.com/vi/qkWxcw_Sqgc/default.jpg
Przemek GÃ³rczyk Podcast,UCrKY6A2xsHXgw3MK9mkan5w,2025-07-31,08:01,11 Polacy Na Syberii â€“ ft. Piotr PajÄ…k,"CaÅ‚oÅ›Ä‡ rozmowy oglÄ…daj tutaj: https://youtu.be/ApFFXJpBuZg
ğŸ§ SÅ‚uchaj na Spotify: https://open.spotify.com/episode/6EQOmpUXavkC8AvmrwMCFf
Dodatkowe materiaÅ‚y tutaj:Â https://www.instagram.com/przemekgorczyk/
WejdÅº na https://hecato.pl i zobacz, co dla Ciebie przygotowaliÅ›my.
DoÅ‚Ä…cz do newslettera i zapomnij, Å¼e niemdziela wieczur i humor popsuty:Â https://pgpodcast.pl/news

#podrÃ³Å¼e #Tajlandia #mma 

YouTube GoÅ›cia: @PodrÃ³Å¼eWojownika",,long,27499,364,4,0,hd,false,True,27,"Piotr PajÄ…k, Polacy Na Syberii, Polacy Na",hhjWNFVyImQ,PT1M4S,https://i.ytimg.com/vi/hhjWNFVyImQ/default.jpg
Przemek GÃ³rczyk Podcast,UCrKY6A2xsHXgw3MK9mkan5w,2025-07-30,17:06,10 Gdzie NauczyÄ‡ SiÄ™ RozmawiaÄ‡ z LudÅºmi? â€“ ft. Piotr PajÄ…k,"CaÅ‚oÅ›Ä‡ rozmowy oglÄ…daj tutaj: https://youtu.be/ApFFXJpBuZg
ğŸ§ SÅ‚uchaj na Spotify: https://open.spotify.com/episode/6EQOmpUXavkC8AvmrwMCFf
Dodatkowe materiaÅ‚y tutaj:Â https://www.instagram.com/przemekgorczyk/
WejdÅº na https://hecato.pl i zobacz, co dla Ciebie przygotowaliÅ›my.
DoÅ‚Ä…cz do newslettera i zapomnij, Å¼e niemdziela wieczur i humor popsuty:Â https://pgpodcast.pl/news

#podrÃ³Å¼e #Tajlandia #mma 

YouTube GoÅ›cia: @PodrÃ³Å¼eWojownika",,shorts,15809,154,2,0,hd,false,True,27,"Gdzie NauczyÄ‡, SiÄ™ RozmawiaÄ‡, Piotr PajÄ…k, Gdzie NauczyÄ‡ SiÄ™",oavUOIAJd5s,PT37S,https://i.ytimg.com/vi/oavUOIAJd5s/default.jpg
Przemek GÃ³rczyk Podcast,UCrKY6A2xsHXgw3MK9mkan5w,2025-07-30,13:09,09 Jak Rosjanie ReagujÄ… Na PolakÃ³w? â€“ ft. Piotr PajÄ…k,"CaÅ‚oÅ›Ä‡ rozmowy oglÄ…daj tutaj: https://youtu.be/ApFFXJpBuZg
ğŸ§ SÅ‚uchaj na Spotify: https://open.spotify.com/episode/6EQOmpUXavkC8AvmrwMCFf
Dodatkowe materiaÅ‚y tutaj:Â https://www.instagram.com/przemekgorczyk/
WejdÅº na https://hecato.pl i zobacz, co dla Ciebie przygotowaliÅ›my.
DoÅ‚Ä…cz do newslettera i zapomnij, Å¼e niemdziela wieczur i humor popsuty:Â https://pgpodcast.pl/news

#podrÃ³Å¼e #Tajlandia #mma 

YouTube GoÅ›cia: @PodrÃ³Å¼eWojownika",,long,55720,670,53,0,hd,false,True,27,"ReagujÄ… Na, Jak Rosjanie, Piotr PajÄ…k, Jak Rosjanie ReagujÄ…",iBkbLAI4Jqc,PT1M9S,https://i.ytimg.com/vi/iBkbLAI4Jqc/default.jpg
Przemek GÃ³rczyk Podcast,UCrKY6A2xsHXgw3MK9mkan5w,2025-07-30,11:00,08 Tam Ludzie SÄ… Uzbrojeni Strasznie â€“ ft. Piotr PajÄ…k,"CaÅ‚oÅ›Ä‡ rozmowy oglÄ…daj tutaj: https://youtu.be/ApFFXJpBuZg
ğŸ§ SÅ‚uchaj na Spotify: https://open.spotify.com/episode/6EQOmpUXavkC8AvmrwMCFf
Dodatkowe materiaÅ‚y tutaj:Â https://www.instagram.com/przemekgorczyk/
WejdÅº na https://hecato.pl i zobacz, co dla Ciebie przygotowaliÅ›my.
DoÅ‚Ä…cz do newslettera i zapomnij, Å¼e niemdziela wieczur i humor popsuty:Â https://pgpodcast.pl/news

#podrÃ³Å¼e #Tajlandia #mma 

YouTube GoÅ›cia: @PodrÃ³Å¼eWojownika",,shorts,24841,256,14,0,hd,false,True,27,"SÄ… Uzbrojeni, Tam Ludzie, Piotr PajÄ…k, Tam Ludzie SÄ…",-38xZSfoyPE,PT48S,https://i.ytimg.com/vi/-38xZSfoyPE/default.jpg
Przemek GÃ³rczyk Podcast,UCrKY6A2xsHXgw3MK9mkan5w,2025-07-30,10:00,07 Jak DziaÅ‚a Izraelska Agencja Wywiadowcza? â€“ ft. Piotr PajÄ…k,"CaÅ‚oÅ›Ä‡ rozmowy oglÄ…daj tutaj: https://youtu.be/ApFFXJpBuZg
ğŸ§ SÅ‚uchaj na Spotify: https://open.spotify.com/episode/6EQOmpUXavkC8AvmrwMCFf
Dodatkowe materiaÅ‚y tutaj:Â https://www.instagram.com/przemekgorczyk/
WejdÅº na https://hecato.pl i zobacz, co dla Ciebie przygotowaliÅ›my.
DoÅ‚Ä…cz do newslettera i zapomnij, Å¼e niemdziela wieczur i humor popsuty:Â https://pgpodcast.pl/news

#podrÃ³Å¼e #Tajlandia #mma 

YouTube GoÅ›cia: @PodrÃ³Å¼eWojownika",,shorts,35889,378,18,0,hd,false,True,27,"Izraelska Agencja, Jak DziaÅ‚a Izraelska, Piotr PajÄ…k, Jak DziaÅ‚a",BF2ABj7jePI,PT37S,https://i.ytimg.com/vi/BF2ABj7jePI/default.jpg
Przemek GÃ³rczyk Podcast,UCrKY6A2xsHXgw3MK9mkan5w,2025-07-30,09:01,06 Najbrudniejsze Kraje Åšwiata â€“ ft. Piotr PajÄ…k,"CaÅ‚oÅ›Ä‡ rozmowy oglÄ…daj tutaj: https://youtu.be/ApFFXJpBuZg
ğŸ§ SÅ‚uchaj na Spotify: https://open.spotify.com/episode/6EQOmpUXavkC8AvmrwMCFf
Dodatkowe materiaÅ‚y tutaj:Â https://www.instagram.com/przemekgorczyk/
WejdÅº na https://hecato.pl i zobacz, co dla Ciebie przygotowaliÅ›my.
DoÅ‚Ä…cz do newslettera i zapomnij, Å¼e niemdziela wieczur i humor popsuty:Â https://pgpodcast.pl/news

#podrÃ³Å¼e #Tajlandia #mma 

YouTube GoÅ›cia: @PodrÃ³Å¼eWojownika",,shorts,6334,56,0,0,hd,false,True,27,"Najbrudniejsze Kraje Åšwiata, Piotr PajÄ…k, Najbrudniejsze Kraje",nzmLWnH69DY,PT23S,https://i.ytimg.com/vi/nzmLWnH69DY/default.jpg
Przemek GÃ³rczyk Podcast,UCrKY6A2xsHXgw3MK9mkan5w,2025-07-30,08:34,"05 Spokojnie, Ja Nie Jestem Bezdomny â€“ ft. Piotr PajÄ…k","CaÅ‚oÅ›Ä‡ rozmowy oglÄ…daj tutaj: https://youtu.be/ApFFXJpBuZg
ğŸ§ SÅ‚uchaj na Spotify: https://open.spotify.com/episode/6EQOmpUXavkC8AvmrwMCFf
Dodatkowe materiaÅ‚y tutaj:Â https://www.instagram.com/przemekgorczyk/
WejdÅº na https://hecato.pl i zobacz, co dla Ciebie przygotowaliÅ›my.
DoÅ‚Ä…cz do newslettera i zapomnij, Å¼e niemdziela wieczur i humor popsuty:Â https://pgpodcast.pl/news

#podrÃ³Å¼e #Tajlandia #mma 

YouTube GoÅ›cia: @PodrÃ³Å¼eWojownika",,long,6466,120,5,0,hd,false,True,27,"Jestem Bezdomny, Ja Nie Jestem, Piotr PajÄ…k, Ja Nie",fiAL8aEn3Ng,PT1M5S,https://i.ytimg.com/vi/fiAL8aEn3Ng/default.jpg
Cyprian Majcher,UCeutiD5CfqFwIT91uS35OVw,2025-07-31,16:00,Cyfrowe euro nadchodzi. Czy Polska zostanie zmuszona je przyjÄ…Ä‡? - Trader21,,"podcast, cyprian majcher, wywiad, trader21, cezary gÅ‚uch, inwestowanie, niezaleÅ¼noÅ›Ä‡ finansowa, gieÅ‚da, pieniÄ…dze, ekonomia, kryzys finansowy, edukacja finansowa, jak inwestowaÄ‡, rynek finansowy, dÅºwignia finansowa, inteligentny inwestor, wolnoÅ›Ä‡ finansowa, inwestor, finanse osobiste, system finansowy, inwestycje",shorts,2711,92,2,0,hd,false,True,27,Czy Polska,aBuNah7i7ew,PT48S,https://i.ytimg.com/vi/aBuNah7i7ew/default.jpg
Cyprian Majcher,UCeutiD5CfqFwIT91uS35OVw,2025-07-31,13:01,Chcieli bezgotÃ³wkowego raju. DziÅ› ostrzegajÄ… przed katastrofÄ… - Trader21,,"podcast, cyprian majcher, wywiad, trader21, cezary gÅ‚uch, inwestowanie, niezaleÅ¼noÅ›Ä‡ finansowa, gieÅ‚da, pieniÄ…dze, ekonomia, kryzys finansowy, edukacja finansowa, jak inwestowaÄ‡, rynek finansowy, dÅºwignia finansowa, inteligentny inwestor, wolnoÅ›Ä‡ finansowa, inwestor, finanse osobiste, system finansowy, inwestycje",shorts,4201,140,0,0,hd,false,True,27,,dpplhPaMNCk,PT34S,https://i.ytimg.com/vi/dpplhPaMNCk/default.jpg
Cyprian Majcher,UCeutiD5CfqFwIT91uS35OVw,2025-07-31,10:00,Eliminacja gotÃ³wki = eliminacja wolnoÅ›ci? PrzykÅ‚ad z Kanady mÃ³wi wszystko - Trader21,,"podcast, cyprian majcher, wywiad, trader21, cezary gÅ‚uch, inwestowanie, niezaleÅ¼noÅ›Ä‡ finansowa, gieÅ‚da, pieniÄ…dze, ekonomia, kryzys finansowy, edukacja finansowa, jak inwestowaÄ‡, rynek finansowy, dÅºwignia finansowa, inteligentny inwestor, wolnoÅ›Ä‡ finansowa, inwestor, finanse osobiste, system finansowy, inwestycje",shorts,2196,91,1,0,hd,false,True,27,,CdzHe37pIbU,PT47S,https://i.ytimg.com/vi/CdzHe37pIbU/default.jpg
Cyprian Majcher,UCeutiD5CfqFwIT91uS35OVw,2025-07-31,07:00,Od ostracyzmu do prawdy. Tak wyglÄ…da cena mÃ³wienia niewygodnych faktÃ³w - Trader21,,"podcast, cyprian majcher, wywiad, trader21, cezary gÅ‚uch, inwestowanie, niezaleÅ¼noÅ›Ä‡ finansowa, gieÅ‚da, pieniÄ…dze, ekonomia, kryzys finansowy, edukacja finansowa, jak inwestowaÄ‡, rynek finansowy, dÅºwignia finansowa, inteligentny inwestor, wolnoÅ›Ä‡ finansowa, inwestor, finanse osobiste, system finansowy, inwestycje",shorts,8691,202,7,0,hd,false,True,27,,Rl3qjpH-kUY,PT37S,https://i.ytimg.com/vi/Rl3qjpH-kUY/default.jpg
Cyprian Majcher,UCeutiD5CfqFwIT91uS35OVw,2025-07-30,19:01,Banki kontra klienci. Kto tu naprawdÄ™ dba o twÃ³j interes? - Trader21,,"podcast, cyprian majcher, wywiad, trader21, cezary gÅ‚uch, inwestowanie, niezaleÅ¼noÅ›Ä‡ finansowa, gieÅ‚da, pieniÄ…dze, ekonomia, kryzys finansowy, edukacja finansowa, jak inwestowaÄ‡, rynek finansowy, dÅºwignia finansowa, inteligentny inwestor, wolnoÅ›Ä‡ finansowa, inwestor, finanse osobiste, system finansowy, inwestycje",shorts,3687,88,1,0,hd,false,True,27,,zGmvhQmqm24,PT55S,https://i.ytimg.com/vi/zGmvhQmqm24/default.jpg
Cyprian Majcher,UCeutiD5CfqFwIT91uS35OVw,2025-07-30,15:54,Koniec wolnoÅ›ci: jak system chceâ€¯pozbawiÄ‡ ciÄ™ pieniÄ™dzy? Trader21,"Trader21 - Cezary GÅ‚uch, ekspert w tematyce inwestycji, finansÃ³w, zaÅ‚oÅ¼yciel portalu IndependentTrader.pl, dwukrotnie nagrodzonego tytuÅ‚em â€Blog Rokuâ€ oraz autor bestsellerowej serii â€Inteligentny Inwestor XXI wiekuâ€. Znany z bezkompromisowych analiz rynkÃ³w finansowych i promowania niezaleÅ¼noÅ›ci finansowej.

Rozmawiamy o tym dlaczego nasze pieniÄ…dze nie sÄ… bezpieczne w bankach, dlaczego nigdy nie moÅ¼emy pozwolic sobie na wyeliminowanie gotÃ³wki, Dlaczego matrix chce kontrolowaÄ‡ Twoje zdrowie i pieniÄ…dze oraz co jest w dzisiejszych czasach zamachem na naszÄ… wolnoÅ›Ä‡? 

__________________________
WiÄ™cej materiaÅ‚Ã³w z rozmowy znajdziesz na: 
â˜š IG: https://www.instagram.com/cyprianmajcher/
â˜š FB: https://www.facebook.com/elitementalitypodcast/


âœ… Kliknij SUBSKRYBUJ, by nie przegapiÄ‡ kolejnych odcinkÃ³w.
ğŸ‘ Zostaw KOMENTARZ i Å‚apkÄ™ w gÃ³rÄ™, jeÅ›li cenisz wartoÅ›ciowe rozmowy.


Podcast dostÄ™pny takÅ¼e na:
â˜š Spotify http://tiny.cc/elitementalityspotify
â˜š Apple Podcast http://tinny.cc/elitementalityapple

__________________________
â˜š Partnerem podcastu jest Solve Labs. 
Naturalne wspomaganie ciaÅ‚a i umysÅ‚u na bazie naturalnych ekstraktÃ³w. 
HasÅ‚o zniÅ¼kowe z najwyÅ¼szÄ… na rynku zniÅ¼kÄ…: elitementality12
WiÄ™cej informacji na stronie https://www.solvelabs.eu

__________________________
â˜š Partnerem odcinka jest sklep SFD. 
Zdrowa Å¼ywnoÅ›Ä‡ bez cukru i wysokiej jakoÅ›ci suplementy.
HasÅ‚o zniÅ¼kowe: ELITEMENTALITY
WiÄ™cej informacji na stronie: https://sklep.sfd.pl

__________________________
ğŸ“©  WspÃ³Å‚praca:
Napisz: cyprian.majcher@gmail.com

ROZDZIAÅY:
00:00:00 Dzisiaj w odcinku. 
00:02:00 Czy warto kwestionowaÄ‡ rzeczywistoÅ›Ä‡? 
00:14:45 Emocje zabijajÄ… mindset inwestycji
00:20:10 Krytyka RafaÅ‚a Zaorskiej i Wapnia?
00:30:00 Eliminacja gotÃ³wki.
00:37:45 CBDC - zagroÅ¼enie dla wolnoÅ›ci?
00:42:30 Zniszczenie zÅ‚otÃ³wki.
00:45:20 Czy pÅ‚acenie podatkÃ³w to patriotyzm? 
00:52:40 NapÅ‚yw imigrantÃ³w do europy. 
00:59:00 Prawdziwe szczÄ™Å›cie w Å¼yciu.
01:06:30 Jak zrzuciÄ‡ iluzje? 
01:10:10 Czym jest prawdziwa medycyna? 

#inwestowanie #rynekfinansowy #ekonomia","podcast, cyprian majcher, wywiad, trader21, cezary gÅ‚uch, inwestowanie, niezaleÅ¼noÅ›Ä‡ finansowa, gieÅ‚da, pieniÄ…dze, ekonomia, kryzys finansowy, edukacja finansowa, jak inwestowaÄ‡, rynek finansowy, dÅºwignia finansowa, inteligentny inwestor, wolnoÅ›Ä‡ finansowa, inwestor, finanse osobiste, system finansowy, inwestycje",long,55573,2926,291,0,hd,false,True,27,"Krytyka RafaÅ‚a Zaorskiej, Inteligentny Inwestor, Cezary GÅ‚uch, Blog Roku, Solve Labs, Krytyka RafaÅ‚a, Apple Podcast",Twh2DbBK0js,PT1H20M23S,https://i.ytimg.com/vi/Twh2DbBK0js/default.jpg
Cyprian Majcher,UCeutiD5CfqFwIT91uS35OVw,2025-07-30,13:01,Czy po 50. roku Å¼ycia mÄ™Å¼czyzna potrzebuje terapii testosteronem? - dr Tadeusz Oleszczuk,,"podcast, cyprian majcher, wywiad, zdrowie, styl Å¼ycia, dieta, sen, regeneracja, mikrobiom, Tadeusz Oleszczuk, ginekologia, profilaktyka, odpornoÅ›Ä‡, energia, dobre samopoczucie, rÃ³wnowaga, ciaÅ‚o i umysÅ‚, zdrowe nawyki, rozwÃ³j osobisty, zdrowa dieta, zdrowy styl Å¼ycia, dr tadeusz oleszczuk",shorts,10709,187,1,0,hd,false,True,27,Tadeusz Oleszczuk,zieugnnMsFM,PT52S,https://i.ytimg.com/vi/zieugnnMsFM/default.jpg
Cyprian Majcher,UCeutiD5CfqFwIT91uS35OVw,2025-07-30,07:00,Czy filtry SPF naprawdÄ™ sÄ… bezpieczne? - dr Tadeusz Oleszczuk,,"podcast, cyprian majcher, wywiad, zdrowie, styl Å¼ycia, dieta, sen, regeneracja, mikrobiom, Tadeusz Oleszczuk, ginekologia, profilaktyka, odpornoÅ›Ä‡, energia, dobre samopoczucie, rÃ³wnowaga, ciaÅ‚o i umysÅ‚, zdrowe nawyki, rozwÃ³j osobisty, zdrowa dieta, zdrowy styl Å¼ycia, dr tadeusz oleszczuk",shorts,5854,131,1,0,hd,false,True,27,Tadeusz Oleszczuk,xAUmExwJuKc,PT31S,https://i.ytimg.com/vi/xAUmExwJuKc/default.jpg
Cyprian Majcher,UCeutiD5CfqFwIT91uS35OVw,2025-08-01,18:00,ZaatakowaÅ‚ mnie publicznie. SkoÅ„czyÅ‚o siÄ™ w sÄ…dzie - Trader21,,"podcast, cyprian majcher, wywiad, trader21, cezary gÅ‚uch, inwestowanie, niezaleÅ¼noÅ›Ä‡ finansowa, gieÅ‚da, pieniÄ…dze, ekonomia, kryzys finansowy, edukacja finansowa, jak inwestowaÄ‡, rynek finansowy, dÅºwignia finansowa, inteligentny inwestor, wolnoÅ›Ä‡ finansowa, inwestor, finanse osobiste, system finansowy, inwestycje",long,2901,48,0,0,hd,false,True,27,,uDLIPJGBO2o,PT1M13S,https://i.ytimg.com/vi/uDLIPJGBO2o/default.jpg
Cyprian Majcher,UCeutiD5CfqFwIT91uS35OVw,2025-08-01,13:01,Dlatego nigdy nie dotykam Forexu. To gra ustawiona przeciwko tobie - Trader21,,"podcast, cyprian majcher, wywiad, trader21, cezary gÅ‚uch, inwestowanie, niezaleÅ¼noÅ›Ä‡ finansowa, gieÅ‚da, pieniÄ…dze, ekonomia, kryzys finansowy, edukacja finansowa, jak inwestowaÄ‡, rynek finansowy, dÅºwignia finansowa, inteligentny inwestor, wolnoÅ›Ä‡ finansowa, inwestor, finanse osobiste, system finansowy, inwestycje",long,3498,73,2,0,hd,false,True,27,,bf0qp6q0HRs,PT2M3S,https://i.ytimg.com/vi/bf0qp6q0HRs/default.jpg
Cyprian Majcher,UCeutiD5CfqFwIT91uS35OVw,2025-08-01,07:00,"O twarzach kampanii ""Ostatnia Prosta"": JuÅ¼ nigdy nie spojrzÄ™ na nich tak samo - Trader21",,"podcast, cyprian majcher, wywiad, trader21, cezary gÅ‚uch, inwestowanie, niezaleÅ¼noÅ›Ä‡ finansowa, gieÅ‚da, pieniÄ…dze, ekonomia, kryzys finansowy, edukacja finansowa, jak inwestowaÄ‡, rynek finansowy, dÅºwignia finansowa, inteligentny inwestor, wolnoÅ›Ä‡ finansowa, inwestor, finanse osobiste, system finansowy, inwestycje",shorts,3395,76,8,0,hd,false,True,27,Ostatnia Prosta,lk7pkRnAshM,PT33S,https://i.ytimg.com/vi/lk7pkRnAshM/default.jpg
Bez Tajemnic,UC3nR9oo0Yg95FTO9DcuQaSg,2025-07-31,17:00,WHISKY Z COLÄ„ TO GRZECH? #podcast #shorts,#podcast #shorts,"beztajemnic, bez tajemnic, podcast, wywiad, ciekawe, podcasty, dlaciebie, fyp, sprawdzam jak, dymitr, opowieÅ›ci, sÅ‚uchanie, polska, wywiady, gwiazdy",shorts,3109,49,4,0,hd,false,True,22,,ibRsE2ETGpE,PT57S,https://i.ytimg.com/vi/ibRsE2ETGpE/default.jpg
Bez Tajemnic,UC3nR9oo0Yg95FTO9DcuQaSg,2025-07-31,11:45,CZY WHISKY DROÅ»SZA JEST LEPSZA #podcast #shorts,#podcast #shorts,"beztajemnic, bez tajemnic, podcast, wywiad, ciekawe, podcasty, dlaciebie, fyp, sprawdzam jak, dymitr, opowieÅ›ci, sÅ‚uchanie, polska, wywiady, gwiazdy",shorts,3134,34,2,0,hd,false,True,22,,hYG4wmW_ZSY,PT46S,https://i.ytimg.com/vi/hYG4wmW_ZSY/default.jpg
Bez Tajemnic,UC3nR9oo0Yg95FTO9DcuQaSg,2025-07-31,06:45,SAMOBOJSTWO LEPPERA #podcast #shorts,#podcast #shorts,"beztajemnic, bez tajemnic, podcast, wywiad, ciekawe, podcasty, dlaciebie, fyp, sprawdzam jak, dymitr, opowieÅ›ci, sÅ‚uchanie, polska, wywiady, gwiazdy",shorts,9286,262,1,0,hd,false,True,22,,KV8csMnCyAU,PT45S,https://i.ytimg.com/vi/KV8csMnCyAU/default.jpg
Bez Tajemnic,UC3nR9oo0Yg95FTO9DcuQaSg,2025-07-30,16:00,"""FETYSZE JAPONEK: DLACZEGO SIÄ˜ TAM NIE GOLÄ„  - POWIEM JAK JEST"" PÃ“Å POLAK PÃ“Å JAPOÅƒCZYK SZCZERZE ","Trzydziesty pierwszy odcinek siÃ³dmego sezonu podcastu ""Bez Tajemnic"" w ktÃ³rym rozmawiaÅ‚em z Gabrielem Hyodo, ktÃ³ry jest pÃ³Å‚ Polakiem, pÃ³Å‚ JapoÅ„czykiem. PamiÄ™tajcie, Å¼e podcasty moÅ¼ecie odsÅ‚uchaÄ‡ rÃ³wnieÅ¼ na Spotify!

Linki do SM goÅ›cia:
https://www.youtube.com/@UCgVfGIdKmchh1uyPNFaQrYg 
https://www.instagram.com/gabriel_hyodo","beztajemnic, bez tajemnic, podcast, wywiad, ciekawe, podcasty, dlaciebie, fyp, sprawdzam jak, dymitr, opowieÅ›ci, sÅ‚uchanie, polska, wywiady, gwiazdy, japonia, japoÅ„czycy, Gabriel hyodo, nie golÄ…",long,91015,3598,317,0,hd,false,True,22,"Bez Tajemnic, Gabrielem Hyodo",QxvVZra_JfQ,PT1H13M24S,https://i.ytimg.com/vi/QxvVZra_JfQ/default.jpg
Bez Tajemnic,UC3nR9oo0Yg95FTO9DcuQaSg,2025-08-01,16:15,CZY SMAK WHISKY SIÄ˜ ZMIENIA? #podcast #shorts,#podcast #shorts,"beztajemnic, bez tajemnic, podcast, wywiad, ciekawe, podcasty, dlaciebie, fyp, sprawdzam jak, dymitr, opowieÅ›ci, sÅ‚uchanie, polska, wywiady, gwiazdy",shorts,4154,84,6,0,hd,false,True,22,,63B7q_x1ABI,PT53S,https://i.ytimg.com/vi/63B7q_x1ABI/default.jpg
Bez Tajemnic,UC3nR9oo0Yg95FTO9DcuQaSg,2025-08-01,11:00,JAK ZROBIÄ† DOMOWE WHISKY? #podcast #shorts,#podcast #shorts,"beztajemnic, bez tajemnic, podcast, wywiad, ciekawe, podcasty, dlaciebie, fyp, sprawdzam jak, dymitr, opowieÅ›ci, sÅ‚uchanie, polska, wywiady, gwiazdy",long,1317,62,1,0,hd,false,True,22,,-hYwAhWMhQ4,PT1M1S,https://i.ytimg.com/vi/-hYwAhWMhQ4/default.jpg
Bez Tajemnic,UC3nR9oo0Yg95FTO9DcuQaSg,2025-08-01,05:45,JAKI LÃ“D DO WHISKY? #podcast #shorts,#podcast #shorts,"beztajemnic, bez tajemnic, podcast, wywiad, ciekawe, podcasty, dlaciebie, fyp, sprawdzam jak, dymitr, opowieÅ›ci, sÅ‚uchanie, polska, wywiady, gwiazdy",shorts,6520,52,2,0,hd,false,True,22,,VEWJmD1MNBc,PT57S,https://i.ytimg.com/vi/VEWJmD1MNBc/default.jpg
Ania Kolasinska Szemraj,UCR65XPQSlBKYpNsCYXgAk8w,2025-07-31,05:56,Zgadzacie siÄ™ z ArletÄ…? #arletabojke #putin #rosja,,,shorts,7521,65,1,0,hd,false,True,27,,o8TM44p1mQU,PT37S,https://i.ytimg.com/vi/o8TM44p1mQU/default.jpg
Ania Kolasinska Szemraj,UCR65XPQSlBKYpNsCYXgAk8w,2025-07-30,16:21,Czego boi siÄ™ Putin? #putin #rosja #arletabojke,,,long,5587,102,0,0,hd,false,True,27,,dWJNQFZQJBw,PT1M7S,https://i.ytimg.com/vi/dWJNQFZQJBw/default.jpg
Ania Kolasinska Szemraj,UCR65XPQSlBKYpNsCYXgAk8w,2025-07-30,16:00,PUTIN siÄ™ nie cofnie. Czy Polska jest nastÄ™pna? Mocne sÅ‚owa Arlety Bojke.,"PUTIN siÄ™ nie cofnie. Czy Polska jest nastÄ™pna? Mocne sÅ‚owa Arlety Bojke.

W tym przejmujÄ…cym odcinku podcastu â€Rozmowy w dresieâ€ goÅ›ciniÄ… jest dziennikarka i ekspertka ds. Wschodu â€“ Arleta Bojke, ktÃ³ra przez lata relacjonowaÅ‚a wydarzenia z Rosji i Ukrainy. Rozmawiamy o najbardziej realnych i najbardziej niepokojÄ…cych scenariuszach: co siÄ™ stanie, jeÅ›li Putin umrze? Czy ZachÃ³d jest przygotowany na chaos w Rosji? Jakie bÅ‚Ä™dy popeÅ‚niÅ‚y kraje NATO i dlaczego ciÄ…gle dziaÅ‚ajÄ… z opÃ³Åºnieniem?

Arleta dzieli siÄ™ swoimi osobistymi doÅ›wiadczeniami i emocjami â€“ opowiada, dlaczego nie pojechaÅ‚a juÅ¼ wiÄ™cej do Rosji, choÄ‡ wczeÅ›niej robiÅ‚a tam materiaÅ‚y jako korespondentka. MÃ³wi wprost: dziÅ› taka podrÃ³Å¼ to ryzyko, ktÃ³re moÅ¼e skoÅ„czyÄ‡ siÄ™ wiÄ™zieniem lub wymianÄ… zakÅ‚adnikÃ³w. Wskazuje teÅ¼, Å¼e wielu Rosjan szczerze wierzy, Å¼e NATO to wrÃ³g â€“ a propaganda Putina dziaÅ‚a znacznie skuteczniej, niÅ¼ ZachÃ³d chciaÅ‚by przyznaÄ‡.

ğŸ¯ W odcinku usÅ‚yszysz m.in.:
 â€¢ Dlaczego ZachÃ³d nie wiedziaÅ‚, jak zareagowaÄ‡ na aneksjÄ™ Krymu â€“ i czy zrobiÅ‚by to samo ponownie?
 â€¢ Co moÅ¼e siÄ™ wydarzyÄ‡ po Å›mierci Putina â€“ i dlaczego niekoniecznie bÄ™dzie to â€okno moÅ¼liwoÅ›ciâ€?
 â€¢ Czy NATO naprawdÄ™ odstrasza RosjÄ™ â€“ czy przeciwnie: prowokuje jÄ…?
 â€¢ Jakie sÄ… granice ryzyka dziennikarskiego w autorytarnych paÅ„stwach?
 â€¢ Dlaczego nie ma dziÅ› jednoznacznej odpowiedzi na pytanie â€czy bÄ™dzie wojnaâ€?

ğŸ” To odcinek peÅ‚en wiedzy, konkretu i emocji. JeÅ›li interesuje ciÄ™ geopolityka, bezpieczeÅ„stwo, sytuacja w Rosji i przyszÅ‚oÅ›Ä‡ Å›wiata â€“ nie moÅ¼esz tego przegapiÄ‡.

00:00-02:17 â€“ Start
02:18-09:51â€“ Negocjacje Rosjaâ€“Ukraina: realna szansa czy polityczny teatr?
09:52-12:07 â€“ Czy dzisiaj Arleta pojechaÅ‚aby do Rosji mimo ryzyka aresztu?
12:08-20:07 â€“ Skutki sankcji: jak spadÅ‚ standard Å¼ycia zwykÅ‚ych Rosjan
20:08-23:26 â€“ Bunt spoÅ‚eczeÅ„stwa czy presja Zachodu â€“ czego boi siÄ™ Kreml?
23:27-48:03 â€“ Korupcja i mechanizmy wÅ‚adzy na Kremlu â€“ kto naprawdÄ™ rzÄ…dzi?
48:04-01:01:27 â€“ Jak Polacy â€oswajajÄ…â€ codziennoÅ›Ä‡ z wojnÄ… za granicÄ…
01:01:28-01:05:27â€“ Zawieszenie broni a powrÃ³t Donalda Trumpa â€“ co moÅ¼e siÄ™ zmieniÄ‡?
01:05:28â€“ SkÄ…d bierze siÄ™ polski â€love-hateâ€ do Rosji?","Arleta Bojke, PUTIN siÄ™ nie cofnie. Czy Polska jest nastÄ™pna? Mocne sÅ‚owa Arlety Bojke., Putin, Rosja, Geopolityka, Å›mierÄ‡ putina, rosja 2025, nato, zachÃ³d, ukraina, wojna rosja ukraina, konflikt zbrojny, bezpieczeÅ„stwo, rozmowy w dresie, anna kolasinska szemraj",long,35378,1319,197,0,hd,true,True,27,"Czy ZachÃ³d, Czy Polska, Arlety Bojke, Donalda Trumpa, Arleta Bojke, Dlaczego ZachÃ³d, Negocjacje Rosja, Jak Polacy",FTr2Jo5VD3M,PT1H14M3S,https://i.ytimg.com/vi/FTr2Jo5VD3M/default.jpg
Ania Kolasinska Szemraj,UCR65XPQSlBKYpNsCYXgAk8w,2025-08-01,12:44,Co Rosjanie myÅ›lÄ… o NATO? #nato #rosja,,,shorts,4348,57,3,0,hd,false,True,27,Co Rosjanie,6avrg9Ca9QE,PT43S,https://i.ytimg.com/vi/6avrg9Ca9QE/default.jpg
zurnalistapl,UC9zRB_xpaSpJxofUrltx1xQ,2025-07-31,18:00,WÅ‚odzimierz Czarzasty wspomina wybory 2015,https://www.instagram.com/zurnalistapl/,,shorts,7578,81,2,0,hd,false,True,22,WÅ‚odzimierz Czarzasty,yWpKGctIQW8,PT38S,https://i.ytimg.com/vi/yWpKGctIQW8/default.jpg
zurnalistapl,UC9zRB_xpaSpJxofUrltx1xQ,2025-07-31,16:30,Piotr Polo Przywarski odpowiada na pytanie Piotrka PajÄ…ka,https://www.instagram.com/zurnalistapl/,,shorts,12402,89,0,0,hd,false,True,22,"Piotr Polo, Piotr Polo Przywarski, Piotrka PajÄ…ka",Mi6duDdtXAU,PT41S,https://i.ytimg.com/vi/Mi6duDdtXAU/default.jpg
zurnalistapl,UC9zRB_xpaSpJxofUrltx1xQ,2025-07-31,15:00,Piotr Polo Przywarski â€“ jakÄ… mÄ…droÅ›Ä‡ Å¼yciowÄ… chciaÅ‚by przekazaÄ‡ mÅ‚odszemu sobie?,https://www.instagram.com/zurnalistapl/,,long,2834,31,0,0,hd,false,True,22,"Piotr Polo, Piotr Polo Przywarski",GbGmWYwpHeU,PT1M6S,https://i.ytimg.com/vi/GbGmWYwpHeU/default.jpg
zurnalistapl,UC9zRB_xpaSpJxofUrltx1xQ,2025-07-31,13:30,Piotr Polo Przywarski â€“ dlaczego moÅ¼na kupiÄ‡ jedynie jego e-booki?,https://www.instagram.com/zurnalistapl/,,long,3019,18,0,0,hd,false,True,22,"Piotr Polo, Piotr Polo Przywarski",kCvIU4GGIW8,PT1M26S,https://i.ytimg.com/vi/kCvIU4GGIW8/default.jpg
zurnalistapl,UC9zRB_xpaSpJxofUrltx1xQ,2025-07-31,12:00,WÅ‚odzimierz Czarzasty: Åšwiry siÄ™ nieÅºle klikajÄ…,https://www.instagram.com/zurnalistapl/,,shorts,16796,131,38,0,hd,false,True,22,WÅ‚odzimierz Czarzasty,JqDriqkaLmw,PT39S,https://i.ytimg.com/vi/JqDriqkaLmw/default.jpg
zurnalistapl,UC9zRB_xpaSpJxofUrltx1xQ,2025-07-31,10:30,Piotr Polo Przywarski â€“ jakich ludzi boi siÄ™ najbardziej?,https://www.instagram.com/zurnalistapl/,,shorts,3547,84,2,0,hd,false,True,22,"Piotr Polo, Piotr Polo Przywarski",ifqbb2QZvzw,PT49S,https://i.ytimg.com/vi/ifqbb2QZvzw/default.jpg
zurnalistapl,UC9zRB_xpaSpJxofUrltx1xQ,2025-07-31,09:00,Piotr Polo Przywarski â€“ gdzie jeÅ›Ä‡ w podrÃ³Å¼y?,https://www.instagram.com/zurnalistapl/,,long,2565,48,1,0,hd,false,True,22,"Piotr Polo, Piotr Polo Przywarski",DDrrlMzQMcM,PT1M1S,https://i.ytimg.com/vi/DDrrlMzQMcM/default.jpg
zurnalistapl,UC9zRB_xpaSpJxofUrltx1xQ,2025-07-31,07:30,Piotr Polo Przywarski â€“ ktÃ³re miejsce najbardziej go zmieniÅ‚o?,https://www.instagram.com/zurnalistapl/,,shorts,3654,46,0,0,hd,false,True,22,"Piotr Polo, Piotr Polo Przywarski",CGmTkiWt_UI,PT26S,https://i.ytimg.com/vi/CGmTkiWt_UI/default.jpg
zurnalistapl,UC9zRB_xpaSpJxofUrltx1xQ,2025-07-30,19:30,WÅ‚odzimierz Czarzasty o rÃ³Å¼nicy miedzy KonfederacjÄ… a LewicÄ…,https://www.instagram.com/zurnalistapl/,,long,12330,116,55,0,hd,false,True,22,WÅ‚odzimierz Czarzasty,bgGzXMQVqig,PT1M6S,https://i.ytimg.com/vi/bgGzXMQVqig/default.jpg
zurnalistapl,UC9zRB_xpaSpJxofUrltx1xQ,2025-07-30,17:30,"Haiti: brud, syf i bieda â€“ Piotr Polo Przywarski",https://www.instagram.com/zurnalistapl/,,long,15286,181,5,0,hd,false,True,22,"Piotr Polo, Piotr Polo Przywarski",fmrB7_oHI-w,PT1M14S,https://i.ytimg.com/vi/fmrB7_oHI-w/default.jpg
zurnalistapl,UC9zRB_xpaSpJxofUrltx1xQ,2025-07-30,16:00,Piotr Polo Przywarski â€“ czy kiedykolwiek baÅ‚ siÄ™ o przetrwanie kanaÅ‚u?,https://www.instagram.com/zurnalistapl/,,shorts,6376,52,0,0,hd,false,True,22,"Piotr Polo, Piotr Polo Przywarski",185C9xxMl_c,PT47S,https://i.ytimg.com/vi/185C9xxMl_c/default.jpg
zurnalistapl,UC9zRB_xpaSpJxofUrltx1xQ,2025-07-30,14:30,WÅ‚odzimierz Czarzasty: Populizm w Polsce? To siÄ™ nazywa Konfederacja,https://www.instagram.com/zurnalistapl/,,long,4354,28,5,0,hd,false,True,22,WÅ‚odzimierz Czarzasty,Dd0p23wG-3k,PT1M4S,https://i.ytimg.com/vi/Dd0p23wG-3k/default.jpg
zurnalistapl,UC9zRB_xpaSpJxofUrltx1xQ,2025-07-30,13:00,"""Od dekady nie uprawiam s3ksu bez zabezpieczenia"" Piotr Polo Przywarski",https://www.instagram.com/zurnalistapl/,,long,3691,25,3,0,hd,false,True,22,"Piotr Polo, Piotr Polo Przywarski",NhZ3a3yNI60,PT1M11S,https://i.ytimg.com/vi/NhZ3a3yNI60/default.jpg
zurnalistapl,UC9zRB_xpaSpJxofUrltx1xQ,2025-07-30,11:30,Piotr Polo Przywarski i afera o odcisk palca w Chinach,https://www.instagram.com/zurnalistapl/,,long,4823,67,2,0,hd,false,True,22,"Piotr Polo, Piotr Polo Przywarski",4aUm8UjlCtU,PT1M16S,https://i.ytimg.com/vi/4aUm8UjlCtU/default.jpg
zurnalistapl,UC9zRB_xpaSpJxofUrltx1xQ,2025-07-30,10:00,WyobraÅ¼acie sobie Å›wiat bez podatkÃ³w? WÅ‚odzimierz Czarzasty,https://www.instagram.com/zurnalistapl/,,long,2435,16,10,0,hd,false,True,22,WÅ‚odzimierz Czarzasty,4sFdUs-NCac,PT1M7S,https://i.ytimg.com/vi/4sFdUs-NCac/default.jpg
zurnalistapl,UC9zRB_xpaSpJxofUrltx1xQ,2025-07-30,08:30,Piotr Polo Przywarski â€“ dlaczego nie lubiÅ‚ siÄ™ z Cashem?,https://www.instagram.com/zurnalistapl/,,long,6356,54,5,0,hd,false,True,22,"Piotr Polo, Piotr Polo Przywarski",w4M-pe2ATGo,PT1M6S,https://i.ytimg.com/vi/w4M-pe2ATGo/default.jpg
zurnalistapl,UC9zRB_xpaSpJxofUrltx1xQ,2025-07-30,07:00,Piotr Polo Przywarski â€“ czy podrÃ³Å¼ujÄ…ce kobiety czujÄ… siÄ™ w Afganistanie bezpieczniej niÅ¼ mÄ™Å¼czyÅºni?,https://www.instagram.com/zurnalistapl/,,shorts,5375,56,0,0,hd,false,True,22,"Piotr Polo, Piotr Polo Przywarski",e9CRofceLJg,PT51S,https://i.ytimg.com/vi/e9CRofceLJg/default.jpg
zurnalistapl,UC9zRB_xpaSpJxofUrltx1xQ,2025-08-01,18:00,WÅ‚odzimierz Czarzasty â€“ dlaczego rzuciÅ‚ biznes i poszedÅ‚ w politykÄ™?,https://www.instagram.com/zurnalistapl/,,long,3959,39,2,0,hd,false,True,22,WÅ‚odzimierz Czarzasty,gctmVBPSBRs,PT1M27S,https://i.ytimg.com/vi/gctmVBPSBRs/default.jpg
zurnalistapl,UC9zRB_xpaSpJxofUrltx1xQ,2025-08-01,16:30,Piotr Polo Przywarski â€“ sÄ… miejsca ktÃ³rych siÄ™ boi?,https://www.instagram.com/zurnalistapl/,,long,4920,72,2,0,hd,false,True,22,"Piotr Polo, Piotr Polo Przywarski",LnhPOF8AClA,PT1M5S,https://i.ytimg.com/vi/LnhPOF8AClA/default.jpg
zurnalistapl,UC9zRB_xpaSpJxofUrltx1xQ,2025-08-01,15:01,Piotr Polo Przywarski wspomina nagranie pierwszego vloga,https://www.instagram.com/zurnalistapl/,,long,4251,52,1,0,hd,false,True,22,"Piotr Polo, Piotr Polo Przywarski",kQ8zl-gzGLc,PT1M4S,https://i.ytimg.com/vi/kQ8zl-gzGLc/default.jpg
zurnalistapl,UC9zRB_xpaSpJxofUrltx1xQ,2025-08-01,13:30,Piotr Polo Przywarski â€“ skÄ…d w nim taka odwaga?,https://www.instagram.com/zurnalistapl/,,long,9786,96,2,0,hd,false,True,22,"Piotr Polo, Piotr Polo Przywarski",E_OLn6ejoHc,PT1M14S,https://i.ytimg.com/vi/E_OLn6ejoHc/default.jpg
zurnalistapl,UC9zRB_xpaSpJxofUrltx1xQ,2025-08-01,12:01,WÅ‚odzimierz Czarzasty: Koalicja popeÅ‚nia bÅ‚Ä™dy. I trzeba to gÅ‚oÅ›no powiedzieÄ‡!,https://www.instagram.com/zurnalistapl/,,shorts,4119,60,3,0,hd,false,True,22,WÅ‚odzimierz Czarzasty,hPD4vzkOS7w,PT41S,https://i.ytimg.com/vi/hPD4vzkOS7w/default.jpg
zurnalistapl,UC9zRB_xpaSpJxofUrltx1xQ,2025-08-01,10:30,Piotr Polo w szybkich pytaniach!,https://www.instagram.com/zurnalistapl/,,shorts,3331,45,1,0,hd,false,True,22,Piotr Polo,mG9aqZVXIGE,PT54S,https://i.ytimg.com/vi/mG9aqZVXIGE/default.jpg
zurnalistapl,UC9zRB_xpaSpJxofUrltx1xQ,2025-08-01,09:01,Piotr Polo Przywarski â€“ nie potrzebuje stabilizacji?,https://www.instagram.com/zurnalistapl/,,shorts,3219,38,0,0,hd,false,True,22,"Piotr Polo, Piotr Polo Przywarski",mQpq6tL23SQ,PT53S,https://i.ytimg.com/vi/mQpq6tL23SQ/default.jpg
zurnalistapl,UC9zRB_xpaSpJxofUrltx1xQ,2025-08-01,07:30,Piotr Polo Przywarski: podrÃ³Å¼ to metafizyka,https://www.instagram.com/zurnalistapl/,,shorts,3249,43,1,0,hd,false,True,22,"Piotr Polo, Piotr Polo Przywarski",OTSezLXaduw,PT58S,https://i.ytimg.com/vi/OTSezLXaduw/default.jpg
Rezultaty,UCHLJtn227JgHhTJiQTQ4CGg,2025-07-31,12:18,"SkÄ…d tabletka wie, gdzie boli? | dr inÅ¼. Adam Mirek",,,shorts,2966,61,0,0,hd,false,True,22,Adam Mirek,KI1owDSEMkg,PT58S,https://i.ytimg.com/vi/KI1owDSEMkg/default.jpg
Rezultaty,UCHLJtn227JgHhTJiQTQ4CGg,2025-07-31,08:01,Epizod depresyjny czÄ™sto jest poprzedzony stratÄ… | Jakub B. BÄ…czek,,,shorts,2569,34,0,0,hd,false,True,22,,myh8lRwG8l0,PT35S,https://i.ytimg.com/vi/myh8lRwG8l0/default.jpg
Rezultaty,UCHLJtn227JgHhTJiQTQ4CGg,2025-07-30,07:58,Prawdziwi mÄ™Å¼czyÅºni nie pÅ‚aczÄ… | Debata o depresji mÄ™Å¼czyzn,,,shorts,3534,56,1,0,hd,false,True,22,,kIewoZv8CKY,PT49S,https://i.ytimg.com/vi/kIewoZv8CKY/default.jpg
Rezultaty,UCHLJtn227JgHhTJiQTQ4CGg,2025-08-01,17:21,DuÅ¼o miasto czy wieÅ› - gdzie jest wiÄ™ksze ryzyko depresji? | Debata,,,long,368,11,0,0,hd,false,True,22,,C4Q02aa76jQ,PT1M15S,https://i.ytimg.com/vi/C4Q02aa76jQ/default.jpg
Rezultaty,UCHLJtn227JgHhTJiQTQ4CGg,2025-08-01,09:01,Wydrukowana wÄ…troba tylko dla elit? Innych nie bÄ™dzie staÄ‡ | dr inÅ¼. Adam Mirek,,,long,2983,57,0,0,hd,false,True,22,Adam Mirek,pOMAIOvjtfA,PT1M22S,https://i.ytimg.com/vi/pOMAIOvjtfA/default.jpg
Radio Naukowe,UCA3eFuPG9YK6aUj5pXa0Nxw,2025-07-31,06:00,"Migranci w Polsce â€“ wszyscy komentujÄ…, maÅ‚o kto rozumie | prof. PaweÅ‚ Kaczmarczyk","ğŸ“– Poznaj nasze wydawnictwo: https://radionaukowe.pl/wydawnictwo
ğŸ“š Wygodne zakupy ksiÄ…Å¼ek: https://wydawnictwoRN.pl

ğŸ‘‰ ZostaÅ„ Patronem: https://patronite.pl/radionaukowe
ğŸ‘‰ Wesprzyj jednorazowo: https://suppi.pl/radionaukowe
ğŸ§ PosÅ‚uchaj na streamingu: https://ffm.bio/radionaukowe
ğŸ”” Subskrybuj: https://youtube.com/@RadioNaukowe?sub_confirmation=1
ğŸŒ Strona: https://radionaukowe.pl
ğŸ‘ Facebook: https://facebook.com/RadioNaukowe
ğŸ“· Instagram: https://instagram.com/radionaukowe
âŒ Twitter: https://twitter.com/RadioNaukowe
ğŸ“ OdwiedÅº LAMU: https://youtube.com/@LetniaAkademiaMlodychUmyslow
ğŸ¬ Zobacz wiÄ™cej: https://www.youtube.com/playlist?list=PLTld5jYla5hZvt1d4RClz7TWU7bC65w8J
ğŸ“© Kontakt: kontakt@radionaukowe.pl

â€“ Potrzeba nam jest otwartej rozmowy, debaty na temat migracji, w ktÃ³rej domagam siÄ™ prawa do niuansu â€“ mÃ³wi goÅ›Ä‡ odcinka, prof. PaweÅ‚ Kaczmarczyk, dyrektor OÅ›rodka BadaÅ„ nad Migracjami Uniwersytetu Warszawskiego. A o te niuanse trudno, bo migracje rozgrzewajÄ… do czerwonoÅ›ci emocje spoÅ‚eczne. W RN podejmujemy siÄ™ dziÅ› prawie niemoÅ¼liwego: zapraszam na spokojnÄ…, rzetelnÄ… rozmowÄ™ o migracji. Z podaniem liczb, ÅºrÃ³deÅ‚, bez bagatelizowania zagroÅ¼eÅ„, ale teÅ¼ bez podkrÄ™cania ich.

â€“ Nikt przy zdrowych zmysÅ‚ach nie powie, Å¼e migracje sÄ… albo jednoznacznie dobre, albo jednoznacznie zÅ‚e â€“ podkreÅ›la prof. Kaczmarczyk. Jego zdaniem to, co by bardzo pomogÅ‚o w tej debacie na temat migracji, to normalizacja tego zjawiska. Migracje byÅ‚y, sÄ… i bÄ™dÄ…; w odcinku mÃ³wimy rÃ³wnieÅ¼ wÅ‚aÅ›nie o kontekÅ›cie historycznym.

Prof. Kaczmarczyk przytacza dane, z ktÃ³rych wynika, Å¼e niemal poÅ‚owÄ™ wszystkich migracji w krajach OECD (Organizacji WspÃ³Å‚pracy Gospodarczej i Rozwoju) stanowiÄ… migracje zarobkowe, na drugim miejscu sÄ… migracje zwiÄ…zane z procesem Å‚Ä…czenia rodzin i okoÅ‚o 10% stanowiÄ… migracje, ktÃ³re moÅ¼na okreÅ›liÄ‡ jako humanitarne. W Polsce, wedÅ‚ug raportu Deloitte przygotowanego na zlecenie Agencji ONZ ds. UchodÅºcÃ³w (UNHCR), uchodÅºcy z Ukrainy przyczynili siÄ™ do wypracowania 2,7% PKB Polski w 2024, a wiÄ™kszoÅ›Ä‡ takich osÃ³b w wieku produkcyjnym pracuje (69%).

Polska staÅ‚a siÄ™ krajem imigracji w ciÄ…gu zaledwie 10 lat, to dziÅ› mamy szansÄ™ na unikniÄ™cie bÅ‚Ä™dÃ³w niektÃ³rych krajÃ³w Zachodu (mowa gÅ‚Ã³wnie o Francji). Â â€“ Â To, Å¼e na poziomie zagregowanym efekty migracji sÄ… pozytywne, bo one naprawdÄ™ sÄ… pozytywne, to nie oznacza, Å¼e nie ma ludzi, ktÃ³rzy na tym tracÄ…. RolÄ… paÅ„stwa jest zadbanie, Å¼ebyÅ›my dzielili siÄ™ zarÃ³wno korzyÅ›ciami, jak i kosztami z migracji â€“ mÃ³wi prof. Kaczmarczyk. Tymczasem, jak mÃ³wi, mamy do czynienia z prywatyzacjÄ… sfery migracji, czyli sytuacjÄ…, w ktÃ³rej korzyÅ›ci zwiÄ…zane z migracjÄ… sÄ… przechwytywane przez pracodawcÃ³w, ale koszty zwiÄ…zane z obecnoÅ›ciÄ… migrantÃ³w przejmuje paÅ„stwo.

W odcinku usÅ‚yszycie teÅ¼ pytania o konflikty kulturowe, o to, czy istnieje zwiÄ…zek miÄ™dzy przestÄ™pczoÅ›ciÄ… a wzrostem imigracji, mÃ³wimy o eurocentryÅºmie dyskusji o migracjach, a takÅ¼e o tym, jak w publicznej dyskusji przed Brexitem mÃ³wiono na Wyspach o pracownikach z Polski i jak wyglÄ…da polityka migracyjna w naszym kraju.

ZdjÄ™cie dziÄ™ki uprzejmoÅ›ci (c) @polsatnewsplofc  
Pierwsze dni kryzysu na granicy polsko-biaÅ‚oruskiej. SierpieÅ„, 2021.
https://www.polsatnews.pl/wiadomosc/2021-08-19/bialorus/

Przydatne ÅºrÃ³dÅ‚a:
https://www.oecd.org/en/publications/international-migration-outlook-2024_50b0353e-en.htmlÂ 
https://www.nature.com/articles/s41597-019-0089-3
https://pubs.aeaweb.org/doi/pdfplus/10.1257/jep.38.1.181
https://irregularmigration.eu/wp-content/uploads/2024/10/MIRREM-Kierans-and-Vargas-Silva-2024-Irregular-Migrant-Population-in-Europe-v1.pdf
https://pubs.aeaweb.org/doi/pdfplus/10.1257/jep.30.4.31
https://pmc.ncbi.nlm.nih.gov/articles/PMC7768760/
https://link.springer.com/article/10.1007/s12134-020-00790-1
https://journals.sagepub.com/doi/full/10.1177/01979183211032677
https://www.penguin.co.uk/books/455478/how-migration-really-works-by-haas-hein-de/9780241998779
https://youtu.be/rxItmdmCglQ?si=P7b43SK29fNhA5l3
https://audycje.tokfm.pl/gosc/25233,prof-Hein-de-Haas

00:00 WstÄ™p
01:19 Ile ludzi rocznie migruje?
05:04 Jakie sÄ… kierunki migracji?
11:08 Emigranci z Europy
14:15 Emigracja tu i teraz
21:28 Legalna i nielegalna migracja do Polski
27:12 SkÄ…d siÄ™ bierze migracja?
31:46 Pracownicy z zagranicy
37:37 Jak duÅ¼y odsetek imigrantÃ³w nie pracuje?
42:21 Problemy i rÃ³Å¼nice kulturowe
52:42 PowinniÅ›my siÄ™ dzieliÄ‡ korzyÅ›ciami
57:22 Do jakich zasad imigranci powinni siÄ™ stosowaÄ‡?
01:07:10 Imigranci a statystyki przestÄ™pczoÅ›ci i narracja
01:15:36 Jaki jest stosunek do imigracji poza EuropÄ…?
01:21:41 Imigracje klimatyczne
01:30:34 Co ludzie i media uwaÅ¼ajÄ… o imigracji

ğŸ§  Radio Naukowe - wÅ‚Ä…cz wiedzÄ™! ğŸ§ 

#RadioNaukowe #KarolinaGÅ‚owacka","migracja, migranci w polsce, prof. paweÅ‚ kaczmarczyk, paweÅ‚ kaczmarczyk, radio naukowe migracje, migracje zarobkowe, uchodÅºcy w polsce, migracja zarobkowa, oÅ›rodek badaÅ„ nad migracjami, polityka migracyjna polski, imigracja w polsce, integracja migrantÃ³w, asymilacja migrantÃ³w, kryzys migracyjny, paweÅ‚ kaczmarczyk migracje, migracje a przestÄ™pczoÅ›Ä‡, migracje klimatyczne, migracje spoÅ‚eczne, przyczyny migracji, skutki migracji, dane o migracjach, debata o migracji",long,9001,551,565,0,hd,false,True,27,"ZostaÅ„ Patronem, Organizacji WspÃ³Å‚pracy, Migracjami Uniwersytetu, Migracjami Uniwersytetu Warszawskiego, Radio Naukowe, OÅ›rodka BadaÅ„, Organizacji WspÃ³Å‚pracy Gospodarczej, PaweÅ‚ Kaczmarczyk",dyDAQdC4Dgs,PT1H36M57S,https://i.ytimg.com/vi/dyDAQdC4Dgs/default.jpg
Bliskoznaczni,UCLKNkaoph6aJz_Jt-Mo2wFw,2025-07-31,10:40,â€#tantra zmieniÅ‚a mojÄ… relacjÄ™ ze swoim ciaÅ‚emâ€ #kasianast o intymnoÅ›ci tantrycznejâœ¨#podcast,,,long,617,20,0,0,hd,false,True,22,,oayCIRlWKz4,PT1M12S,https://i.ytimg.com/vi/oayCIRlWKz4/default.jpg
Bliskoznaczni,UCLKNkaoph6aJz_Jt-Mo2wFw,2025-07-30,10:42,Jak Wam siÄ™ podoba nasza rozmowa?ğŸ™Œ Co myÅ›licie? #podcast #kasianast #duchowoÅ›Ä‡ #energia,,,shorts,3649,44,1,0,hd,false,False,22,Jak Wam,NME5nQAJ4V4,PT57S,https://i.ytimg.com/vi/NME5nQAJ4V4/default.jpg
Bliskoznaczni,UCLKNkaoph6aJz_Jt-Mo2wFw,2025-08-01,16:43,#kasianast piÄ™knie o intymnoÅ›ci i dotykuâ¤ï¸â€ğŸ”¥ #podcast #tantra #intymnoÅ›Ä‡ #miÅ‚oÅ›Ä‡ #dotyk,,,long,480,16,2,0,hd,false,False,22,,odq4JyBu9hk,PT1M11S,https://i.ytimg.com/vi/odq4JyBu9hk/default.jpg
Tomasz Drwal ,UCTWi54WVT36cJ6XfOz8WBGA,2025-07-31,17:13,Niewygodna prawda o Powstaniu Warszawskim. Leszek Å»ebrowski,"W tym odcinku goÅ›ciem jest Leszek Å»ebrowski â€“ historyk, publicysta i badacz dziejÃ³w najnowszych Polski. Rozmawiamy o tym, czy moÅ¼liwe jest obiektywne spojrzenie na historiÄ™ oraz kto i w jaki sposÃ³b jÄ… pisze. Czy â€historiÄ™ piszÄ… zwyciÄ™zcyâ€? Czy wspÃ³Å‚czesne narracje historyczne sÄ… aktualizowane zgodnie z faktami, czy z politycznymi potrzebami?

Poruszamy m.in. temat kÅ‚amstw medialnych â€“ w szczegÃ³lnoÅ›ci manipulacji Gazety Wyborczej na temat PowstaÅ„cÃ³w Warszawskich â€“ i przedstawiamy mniej znane fakty dotyczÄ…ce Powstania Warszawskiego. Zastanawiamy siÄ™ rÃ³wnieÅ¼, czy jako spoÅ‚eczeÅ„stwo wyciÄ…gamy wnioski z przeszÅ‚oÅ›ci i dlaczego wciÄ…Å¼ nie rozliczono komunistycznych zbrodniarzy.

Oficjalny kanaÅ‚ Leszka Å»ebrowskiego na YouTube: https://www.youtube.com/c/WyklÄ™ciTV
Profil na Facebooku: https://www.facebook.com/WykleciTV/
Tutaj moÅ¼na kupiÄ‡ wszystkie ksiÄ…Å¼ki Leszka Å»ebrowskiego: https://capitalbook.com.pl/autor/leszek-zebrowski 


SPIS TREÅšCI:
00:00 - Leszek Å»ebrowski.
03:25 - Czy moÅ¼na byÄ‡ obiektywnym historykiem?
04:15 - HistoriÄ™ piszÄ… zwyciÄ™zcy?
06:20 - Aktualizacje historii.
07:16 - KÅ‚amstwo Gazety Wyborczej o PowstaÅ„cach.
12:32 - Prawda o Powstaniu Warszawskim.
38:00 - Polacy wyciÄ…gajÄ… wnioski z historii?
41:07 - Nierozliczeni komuniÅ›ci w Polsce.
______________________
Podcast dostÄ™pny na:
Spotify: https://open.spotify.com/show/0NxmKtdXH1iZffwFhw274D?si=7a95fa3e3b2c4a86
Apple Podcast: https://podcasts.apple.com/pl/podcast/tomasz-drwal-na-pie%C5%84ku/id1798171984
______________________
Fotele do podcastu dostarczyÅ‚a firma:
https://paradox24.com/pl/
______________________
SZKOÅA WALKI DRWALA:
https://edudrwal.pl/produkt/szkola-walki-drwala/
______________________
SZKOLENIE Z OBRONY CYWILNEJ:
https://edudrwal.pl/produkt/przygotowanie-do-obrony-cywilnej/
______________________
PARTNERZY KANAÅU:
 @PITBULLWESTCOASTPL  
 @HelikonTex  
www.youtube.com/@TOMASZDRWAL-CTO
______________________
ğŸ«µ MASZ POMYSÅ NA GOÅšCIA ? PISZ ÅšMIAÅO   â–º  drwal.contact@gmail.com
______________________
JEÅšLI UWAÅ»ASZ, Å»E TEN MATERIAÅ BYÅ GODNY TWOJEJ UWAGI ORAZ  MA DLA CIEBIE WARTOÅšÄ† I CHCESZ NAS WESPRZEÄ†  TO MOÅ»ESZ POPRZEZ :
______________________
ğŸ‘ŠWSPARCIE TAKTYCZNE KANAÅU ğŸ’ª â†“â†“
 https://www.youtube.com/channel/UCTWi54WVT36cJ6XfOz8WBGA/join

â˜•ï¸ğŸ”¥ KUP KAWÄ˜ przez â†™ï¸ â†™ï¸
https://buycoffee.to/tomaszdrwal

ZOSTAÅƒ PATRONEM ğŸ«µ ğŸ«µ â†™ï¸ â†™ï¸
https://patronite.pl/TomaszDrwal

DZIÄ˜KI ZA UWAGÄ˜ I DO ZOBACZENIA","Leszek Å»ebrowski, historia Polski, Powstanie Warszawskie, Gazeta Wyborcza, kÅ‚amstwa historyczne, komuniÅ›ci w Polsce, prawda historyczna, narracja historyczna, polityka historyczna, obiektywizm w historii, rozliczenie komunizmu, aktualizacja historii, historia najnowsza, powstaÅ„cy warszawscy, manipulacja medialna, edukacja historyczna, polska historia, pamiÄ™Ä‡ narodowa, interpretacja historii, historia XX wieku, komunizm, propaganda, wiedza historyczna",long,31447,2813,531,0,hd,false,True,27,"Gazeta Wyborcza, Leszek Å»ebrowski, KÅ‚amstwo Gazety Wyborczej, Powstaniu Warszawskim, Leszka Å»ebrowskiego, PowstaÅ„cÃ³w Warszawskich, Powstanie Warszawskie, KÅ‚amstwo Gazety, Gazety Wyborczej, Powstania Warszawskiego, Apple Podcast",Fm7DyUPMXDA,PT51M32S,https://i.ytimg.com/vi/Fm7DyUPMXDA/default.jpg
Tomasz Drwal ,UCTWi54WVT36cJ6XfOz8WBGA,2025-07-30,17:20,Rodziny miÄ™dzygatunkowe. Kamil Prabucki,"ğŸ‘ŠWSPARCIE TAKTYCZNE KANAÅU ğŸ’ª â†“â†“
https://www.youtube.com/channel/UCTWi54WVT36cJ6XfOz8WBGA/join
Wielkie dziÄ™ki ğŸ‘","WSPARCIE, DALSZY, ROZWÃ“J, MOTYWACJA, WIELKIE, DZIÄ˜KI",shorts,17733,966,49,0,hd,false,True,27,Kamil Prabucki,x5Zk8oUZ3TQ,PT42S,https://i.ytimg.com/vi/x5Zk8oUZ3TQ/default.jpg
Tomasz Drwal ,UCTWi54WVT36cJ6XfOz8WBGA,2025-07-30,17:14,Polacy sÄ… bardziej tolerancyjni niÅ¼ ZachÃ³d? Kamil Prabucki,"ğŸ‘ŠWSPARCIE TAKTYCZNE KANAÅU ğŸ’ª â†“â†“
https://www.youtube.com/channel/UCTWi54WVT36cJ6XfOz8WBGA/join
Wielkie dziÄ™ki ğŸ‘","WSPARCIE, DALSZY, ROZWÃ“J, MOTYWACJA, WIELKIE, DZIÄ˜KI",long,6686,323,9,0,hd,false,True,27,Kamil Prabucki,OYtBKmFm6RQ,PT1M8S,https://i.ytimg.com/vi/OYtBKmFm6RQ/default.jpg
Tomasz Drwal ,UCTWi54WVT36cJ6XfOz8WBGA,2025-07-30,16:30,Promowana na siÅ‚Ä™ poprawnoÅ›Ä‡. Kamil Prabucki,"ğŸ‘ŠWSPARCIE TAKTYCZNE KANAÅU ğŸ’ª â†“â†“
https://www.youtube.com/channel/UCTWi54WVT36cJ6XfOz8WBGA/join
Wielkie dziÄ™ki ğŸ‘","WSPARCIE, DALSZY, ROZWÃ“J, MOTYWACJA, WIELKIE, DZIÄ˜KI",long,28675,1235,52,0,hd,false,True,27,Kamil Prabucki,wAx6OVTr1W0,PT1M4S,https://i.ytimg.com/vi/wAx6OVTr1W0/default.jpg
Tomasz Drwal ,UCTWi54WVT36cJ6XfOz8WBGA,2025-07-30,16:00,Eksperyment z myszami. Igor Witkowski,"ğŸ‘ŠWSPARCIE TAKTYCZNE KANAÅU ğŸ’ª â†“â†“
https://www.youtube.com/channel/UCTWi54WVT36cJ6XfOz8WBGA/join
Wielkie dziÄ™ki ğŸ‘","WSPARCIE, DALSZY, ROZWÃ“J, MOTYWACJA, WIELKIE, DZIÄ˜KI",long,17548,829,34,0,hd,false,True,27,Igor Witkowski,Hnfx15d88j4,PT1M17S,https://i.ytimg.com/vi/Hnfx15d88j4/default.jpg
Tomasz Drwal ,UCTWi54WVT36cJ6XfOz8WBGA,2025-08-01,15:38,PowstaÅ„cy naraÅ¼ali cywili? Leszek Å»ebrowski,"ğŸ‘ŠWSPARCIE TAKTYCZNE KANAÅU ğŸ’ª â†“â†“
https://www.youtube.com/channel/UCTWi54WVT36cJ6XfOz8WBGA/join
Wielkie dziÄ™ki ğŸ‘","WSPARCIE, DALSZY, ROZWÃ“J, MOTYWACJA, WIELKIE, DZIÄ˜KI",shorts,21798,759,69,0,hd,false,True,27,Leszek Å»ebrowski,TgcDYFrGAuw,PT53S,https://i.ytimg.com/vi/TgcDYFrGAuw/default.jpg
Tomasz Drwal ,UCTWi54WVT36cJ6XfOz8WBGA,2025-08-01,15:36,PowstaÅ„cy nie mieli broni? Leszek Å»ebrowski,"ğŸ‘ŠWSPARCIE TAKTYCZNE KANAÅU ğŸ’ª â†“â†“
https://www.youtube.com/channel/UCTWi54WVT36cJ6XfOz8WBGA/join
Wielkie dziÄ™ki ğŸ‘","WSPARCIE, DALSZY, ROZWÃ“J, MOTYWACJA, WIELKIE, DZIÄ˜KI",long,31653,1210,60,0,hd,false,True,27,Leszek Å»ebrowski,kvNfsY13DVw,PT1M5S,https://i.ytimg.com/vi/kvNfsY13DVw/default.jpg
Tomasz Drwal ,UCTWi54WVT36cJ6XfOz8WBGA,2025-08-01,15:32,PowstaÅ„cy byli szaleÅ„cami? Leszek Å»ebrowski,"ğŸ‘ŠWSPARCIE TAKTYCZNE KANAÅU ğŸ’ª â†“â†“
https://www.youtube.com/channel/UCTWi54WVT36cJ6XfOz8WBGA/join
Wielkie dziÄ™ki ğŸ‘","WSPARCIE, DALSZY, ROZWÃ“J, MOTYWACJA, WIELKIE, DZIÄ˜KI",shorts,17011,766,53,0,hd,false,True,27,Leszek Å»ebrowski,zfDjKeOsvI0,PT44S,https://i.ytimg.com/vi/zfDjKeOsvI0/default.jpg
balans,UCL9U2KaHU3G_GJBzeH_aqGw,2025-07-30,07:30,Depresja poporodowa  #balans #podcast #psychoterapia,"ğŸ§ Opis odcinka na YouTube:

Czy kaÅ¼dy z nas ma w sobie â€gen zabÃ³jcyâ€? Dlaczego sprawcy morderstw tak czÄ™sto â€dobrze siÄ™ zapowiadajÄ…â€? Jakie mechanizmy psychiczne uruchamiajÄ… siÄ™ w ludziach, ktÃ³rzy decydujÄ… siÄ™ odebraÄ‡ komuÅ› Å¼ycie â€“ i co siÄ™ dzieje z nimi po wszystkim? W tym wstrzÄ…sajÄ…cym i szczerym odcinku podcastu ""Balans"", Justyna Mazur â€“ autorka jednego z najpopularniejszych podcastÃ³w kryminalnych w Polsce â€“ opowiada o sprawach, ktÃ³re najbardziej jÄ… poruszyÅ‚y. UsÅ‚yszysz o bÅ‚Ä™dach Å›ledczych, tragicznych cold caseâ€™ach, wypaleniu psychicznym i... o tym, jak wyglÄ…da Å¼ycie po narodzinach dziecka, kiedy codziennoÅ›Ä‡ miesza siÄ™ z mrokiem. Ta rozmowa to emocjonalna petarda, od ktÃ³rej trudno siÄ™ oderwaÄ‡.

ğŸ“Œ Pytania do miniaturek / grafiki / tekstÃ³w promujÄ…cych:

âœ¨ Czy kaÅ¼dy z nas mÃ³gÅ‚by zabiÄ‡?
ğŸ”ª Jak wyglÄ…da umysÅ‚ mordercy?
ğŸ§  Czy sprawca naprawdÄ™ wierzy w swoje kÅ‚amstwa?
ğŸ‘€ Kto naprawdÄ™ zabiÅ‚ IwonÄ™ Wieczorek?
ğŸ’¥ ZabÃ³jczyni, ktÃ³rejâ€¦ wspÃ³Å‚czujÄ™?
ğŸ“‰ Wypalenie i tÄ™Å¼yczka. Jak podcast moÅ¼e zniszczyÄ‡ zdrowie?
ğŸ¼ MacierzyÅ„stwo kontra zbrodnie â€“ jak to pogodziÄ‡?
ğŸ§³ ZwÅ‚oki w walizkach iâ€¦ film KieÅ›lowskiego
âš°ï¸ ChÅ‚opiec z Cieszyna â€“ najtrudniejsza sprawa Justyny
ğŸ‘¨â€ğŸ‘©â€ğŸ‘§ Czy moÅ¼na kochaÄ‡ dziecko bardziej niÅ¼ partnera?","balans, kuba jankowski, rozmowa, wywiad, robert rutkowski",shorts,8807,118,3,0,hd,false,True,22,"Justyna Mazur, IwonÄ™ Wieczorek",Q8OAoZzAfc0,PT51S,https://i.ytimg.com/vi/Q8OAoZzAfc0/default.jpg
Rymanowski Live,UC4uWtFsAryV2p_UDvu0rraA,2025-07-31,20:00,"Rymanowski, Gawkowski: Gabinet wojenny?","Krzysztof Gawkowski â€“ wicepremier, minister cyfryzacji, poseÅ‚ na Sejm. WychowywaÅ‚ siÄ™ w WoÅ‚ominie. Absolwent technikum kolejowego. StudiowaÅ‚ prawo na UW, ale go nie ukoÅ„czyÅ‚. Jest magistrem politologii i doktorem nauk humanistycznych w zakresie nauk o polityce (promotorem jego pracy doktorskiej byÅ‚ Leszek Moczulski). ByÅ‚ czÅ‚onkiem SLD, Wiosny, jest wiceprzewodniczÄ…cym Nowej Lewicy. Autor powieÅ›ci kryminalnych â€PiÄ™tno prawdyâ€, â€CieÅ„ przeszÅ‚oÅ›ciâ€ i â€Odnowaâ€. Å»onaty, ma dwie cÃ³rki i syna.

Wpadnij tuğŸ‘‡
X â€“ https://twitter.com/RymanowskiLive
TikTok â€“ https://www.tiktok.com/@rymanowskilive
Instagram â€“ https://www.instagram.com/bogdan.rymanowski/
X â€“ https://twitter.com/bogrymanowski

#rymanowski #rymanowskilive #gawkowski #lewica #rzÄ…d #tusk #polityka #polskapolityka","bogdan rymanowski, rymanowski, rymanowski live, gawkowski, krzysztof gawkowski, minister cyfryzacji, rzÄ…d tuska, tusk, donald tusk, lewica, nowa lewica, polityka, polska polityka, ai, sztuczna inteligencja, sejm, minister, wywiad, rozmowa, podcast, cyfryzacja, technologia",long,5664,253,15,0,hd,false,True,24,"Leszek Moczulski, Krzysztof Gawkowski, Nowej Lewicy",r8_I4bgPD8E,PT1H45M16S,https://i.ytimg.com/vi/r8_I4bgPD8E/default.jpg
Rymanowski Live,UC4uWtFsAryV2p_UDvu0rraA,2025-07-31,12:00,Czy partia Joanny Senyszyn rozbije duopol w Polsce?  #senyszyn #polityka #popis #polska #rymanowski,,"rymanowski, rymanowskilive",long,2207,32,8,0,hd,false,True,24,Joanny Senyszyn,2UqjZLsgG8I,PT1M9S,https://i.ytimg.com/vi/2UqjZLsgG8I/default.jpg
Rymanowski Live,UC4uWtFsAryV2p_UDvu0rraA,2025-07-31,09:01,Za maÅ‚o kobiet w rzÄ…dzie? Senyszyn grzmi po rekonstrukcji  #kobieta #rzÄ…d #senyszyn #polityka #tusk,,"rymanowski, rymanowskilive",long,1524,21,12,0,hd,false,True,24,,ov_fhLzRmBA,PT1M7S,https://i.ytimg.com/vi/ov_fhLzRmBA/default.jpg
Rymanowski Live,UC4uWtFsAryV2p_UDvu0rraA,2025-07-31,06:00,Czy Polska to powaÅ¼ne paÅ„stwo? Jakubiak kontra Senyszyn  #prawo #po #pis #rzÄ…d #polska #polityka,,"rymanowski, rymanowskilive",shorts,3405,112,5,0,hd,false,True,24,Czy Polska,fcLcxl79IeU,PT53S,https://i.ytimg.com/vi/fcLcxl79IeU/default.jpg
Rymanowski Live,UC4uWtFsAryV2p_UDvu0rraA,2025-07-30,20:24,"KONTRA #9 Rymanowski, GieÅ‚zak, Ziemkiewicz: Co z tÄ… PolskÄ… i EuropÄ…?","GoÅ›Ä‡mi KONTRY bÄ™dÄ…:

Marcin GieÅ‚zak â€“ publicysta, historyk, wspÃ³Å‚autor wraz z Jakubem Dymkiem popularnego podcastu â€Dwie lewe rÄ™ceâ€, autor ksiÄ…Å¼ki â€Wieczna lewica. MyÅ›li i aforyzmyâ€. Robert Krasowski napisaÅ‚, Å¼e tÄ… ksiÄ…Å¼kÄ… GieÅ‚zak oÅ¼ywiÅ‚ trupa, jakim byÅ‚a lewica i uczyniÅ‚ lewicowoÅ›Ä‡ na nowo atrakcyjnÄ….

RafaÅ‚ Ziemkiewicz â€“ dziennikarz, publicysta, pisarz. Za twÃ³rczoÅ›Ä‡ literackÄ… trzykrotnie nagradzany nagrodÄ… im. Janusza A. Zajdla. W TV Republika prowadzi autorskÄ… audycjÄ™ â€Salonik politycznyâ€. Od 2020 prowadzi swÃ³j wÅ‚asny kanaÅ‚ w serwisie YouTube, od 2022 wspÃ³Å‚prowadzi z PawÅ‚em Lisickim, program â€Do Rzeczy Polskaâ€.

Na Rymanowski Live bÄ™dziemy rozmawiaÄ‡ o sytuacji politycznej w Polsce, relacjach miÄ™dzy UniÄ… EuropejskÄ… a USA, a takÅ¼e o migrantach.

Wpadnij tuğŸ‘‡
X â€“ https://twitter.com/RymanowskiLive
TikTok â€“ https://www.tiktok.com/@rymanowskilive
Instagram â€“ https://www.instagram.com/bogdan.rymanowski/
X â€“ https://twitter.com/bogrymanowski

#rymanowski #gieÅ‚zak #ziemkiewicz #polityka #polska #ue #usa #migracja","bogdan rymanowski, rymanowski, rymanowski live, wywiad, podcast, rozmowa, kontra, versus, gieÅ‚zak, marcin gieÅ‚zak, dwie lewe rÄ™ce, lewica, ziemkiewicz, rafaÅ‚ ziemkiewicz, do rzeczy, prawica, tv republika, polityka, polska polityka, ue, unia europejska, usa, stany zjednoczone",long,113122,6507,522,0,hd,false,True,24,"PawÅ‚em Lisickim, Do Rzeczy, RafaÅ‚ Ziemkiewicz, Na Rymanowski Live, UniÄ… EuropejskÄ…, Jakubem Dymkiem, Do Rzeczy Polska, Na Rymanowski, Marcin GieÅ‚zak, Robert Krasowski",4igklA9w_5E,PT2H15M20S,https://i.ytimg.com/vi/4igklA9w_5E/default.jpg
Rymanowski Live,UC4uWtFsAryV2p_UDvu0rraA,2025-07-30,12:00,Å»urek i sprawiedliwoÅ›Ä‡ â€“ czy PiS ma siÄ™ czego baÄ‡?  #senyszyn #jakubiak #Å¼urek #rzÄ…d #polityka,,"rymanowski, rymanowskilive",long,8607,248,12,0,hd,false,True,24,,K2Px2NFYeqM,PT1M36S,https://i.ytimg.com/vi/K2Px2NFYeqM/default.jpg
Rymanowski Live,UC4uWtFsAryV2p_UDvu0rraA,2025-07-30,09:00,Koniec Bodnara w rzÄ…dzie. Co na to Senyszyn i Jakubiak?  #rzÄ…d #bodnar #tusk #polityka #prawo,,"rymanowski, rymanowskilive",long,6772,324,28,0,hd,false,True,24,Koniec Bodnara,WTtBXS2UsKg,PT1M14S,https://i.ytimg.com/vi/WTtBXS2UsKg/default.jpg
Rymanowski Live,UC4uWtFsAryV2p_UDvu0rraA,2025-07-30,06:00,"Kto rano wstaje, ten co?  #senyszyn #jakubiak #hoÅ‚ownia #polityka #Å›mieszne #przysÅ‚owia #rymanowski",,"rymanowski, rymanowskilive",long,3481,64,0,0,hd,false,True,24,,TfPucFvAGqY,PT1M21S,https://i.ytimg.com/vi/TfPucFvAGqY/default.jpg
Rymanowski Live,UC4uWtFsAryV2p_UDvu0rraA,2025-08-01,11:00,Bosak kontra Matczak â€“ kto ma racjÄ™?  #migracja #granica #bosak #matczak #polityka #polska,,"rymanowski, rymanowskilive",long,6211,360,36,0,hd,false,True,24,,YA6llTBYcdA,PT2M10S,https://i.ytimg.com/vi/YA6llTBYcdA/default.jpg
Rymanowski Live,UC4uWtFsAryV2p_UDvu0rraA,2025-08-01,08:00,Nielegalna a masowa imigracja â€“ jaka jest rÃ³Å¼nica?  #bosak #migracja #polityka #polska #rymanowski,,"rymanowski, rymanowskilive",long,2892,157,3,0,hd,false,True,24,,HBGNORDXOzI,PT1M8S,https://i.ytimg.com/vi/HBGNORDXOzI/default.jpg
Rymanowski Live,UC4uWtFsAryV2p_UDvu0rraA,2025-08-01,06:00,Krzysztof Bosak na granicy â€“ co robi?  #bosak #migracja #konfederacja #polityka #koÅ›ciÃ³Å‚ #rymanowski,,"rymanowski, rymanowskilive",shorts,6280,386,11,0,hd,false,True,24,Krzysztof Bosak,-HUcZ8kTrCY,PT50S,https://i.ytimg.com/vi/-HUcZ8kTrCY/default.jpg
SiÅ‚y Specjalne w Biznesie,UC2oKed1wKlVcq_L2NfEqZlw,2025-07-31,15:26,Etat czy biznes? Da siÄ™ jedno i drugie! GROM #biznes #motywacja #rozwÃ³josobisty,,,shorts,1377,14,0,0,hd,false,True,22,,BdHdPO_GS8E,PT52S,https://i.ytimg.com/vi/BdHdPO_GS8E/default.jpg
SiÅ‚y Specjalne w Biznesie,UC2oKed1wKlVcq_L2NfEqZlw,2025-07-30,18:17,Co naprawdÄ™ CiÄ™ blokuje? #przywÃ³dztwo #rozwÃ³josobisty #mentalnoÅ›Ä‡ #biznes,,,long,1353,12,0,0,hd,false,True,22,,pDqBohr7aC8,PT1M5S,https://i.ytimg.com/vi/pDqBohr7aC8/default.jpg
SiÅ‚y Specjalne w Biznesie,UC2oKed1wKlVcq_L2NfEqZlw,2025-07-30,17:23,Co naprawdÄ™ CiÄ™ blokuje? przywÃ³dztwo #rozwÃ³josobisty #mentalnoÅ›Ä‡ #biznes,,,shorts,2062,40,0,0,hd,false,True,22,,OLtQwWu2nWQ,PT55S,https://i.ytimg.com/vi/OLtQwWu2nWQ/default.jpg
Gosia Ohme,UCEPr3huxC4mEPN8NtIKVmxA,2025-07-31,11:14,Jak uzdrowiÄ‡ poczucie wÅ‚asnej wartoÅ›ci? Pati Garg Gosia Ohme | Kafka Odc. 445,"Dlaczego tak trudno nam czuÄ‡ siÄ™ wystarczajÄ…ce? Dlaczego wewnÄ™trzny krytyk ma w nas tak donoÅ›ny gÅ‚os? W tym odcinku Gosia Ohme rozmawia z Pati Garg â€“ mentorkÄ… kobiet i autorkÄ… ksiÄ…Å¼ek o uzdrawianiu relacji z samÄ… sobÄ… â€“ o tym, jak uzdrowiÄ‡ poczucie wÅ‚asnej wartoÅ›ci.

To rozmowa o tym, co wynosimy z dzieciÅ„stwa â€“ o tym, jak byÅ‚yÅ›my traktowane przez bliskich, szczegÃ³lnie przez mamy, i jak ten wzorzec wpÅ‚ywa na nas dzisiaj. O zranieniach, ktÃ³re wciÄ…Å¼ nosimy w ciele i myÅ›lach â€“ i o tym, jak sobie wreszcie daÄ‡ to, czego wtedy najbardziej potrzebowaÅ‚yÅ›my: czuÅ‚oÅ›Ä‡, empatiÄ™, zrozumienie.

ğŸ“Œ W tym odcinku usÅ‚yszysz:

ğŸŒ¸ Dlaczego tak wiele kobiet nie czuje siÄ™ wystarczajÄ…co dobre
ğŸ§  SkÄ…d bierze siÄ™ wewnÄ™trzny krytyk i jak go oswoiÄ‡
ğŸ’— Jak zaczÄ…Ä‡ budowaÄ‡ relacjÄ™ opartÄ… na czuÅ‚oÅ›ci, a nie wymaganiach
ğŸŒ¿ Co to znaczy byÄ‡ dobrÄ… dla siebie â€“ i jak to praktykowaÄ‡ na co dzieÅ„


#Kafka #GosiaOhme #PatiGarg #poczuciewÅ‚asnejwartoÅ›ci #psychologia #relacjazsobÄ… #czuÅ‚oÅ›Ä‡ #wewnÄ™trznykrytyk #uzdrawianie #kobiecasiÅ‚a",,unknown,0,13,0,0,sd,false,False,26,"Pati Garg, Kafka Odc, Gosia Ohme, Pati Garg Gosia",BC8xl8pMouQ,P0D,https://i.ytimg.com/vi/BC8xl8pMouQ/default_live.jpg
Gosia Ohme,UCEPr3huxC4mEPN8NtIKVmxA,2025-07-31,18:00,"MiÄ™dzy wstydem, a wolnoÅ›ciÄ… - o dojrzaÅ‚ej kobiecoÅ›ci â€” Alicja DÅ‚ugoÅ‚Ä™cka Gosia Ohme","Kiedy menopauza przynosi realne, czÄ™sto trudne zmiany, a ciaÅ‚o przestaje byÄ‡ â€posÅ‚uszneâ€ i â€funkcjonalneâ€ w spoÅ‚ecznie oczekiwany sposÃ³b â€“ pojawia siÄ™ problem, ten najwaÅ¼niejszy â€“ z poczuciem wÅ‚asnej wartoÅ›ci. Jak na nowo zbudowaÄ‡ relacjÄ™ z wÅ‚asnym ciaÅ‚em, kiedy to wÅ‚aÅ›nie ono staje siÄ™ miejscem buntu, przemiany i nowego poczÄ…tku?

W tym odcinku Gosia Ohme rozmawia z AlicjÄ… DÅ‚ugoÅ‚Ä™ckÄ… â€“ edukatorkÄ… seksualnÄ…, terapeutkÄ…, kobietÄ…, ktÃ³ra od lat wspiera inne kobiety w odnajdywaniu siebie â€“ o menopauzie jako czasie odzyskiwania siebie, a nie tracenia.

To szczera, gÅ‚Ä™boka i poruszajÄ…ca rozmowa o dojrzewaniu do siebie. O tym, jak przez lata byÅ‚yÅ›my â€grzeczneâ€, ulegÅ‚e, opiekuÅ„cze â€“ i jak menopauza staje siÄ™ momentem, w ktÃ³rym wiele z nas mÃ³wi: â€Mam doÅ›Ä‡. Teraz jaâ€. To czas, gdy przestajemy siÄ™ godziÄ‡ na bycie niewidzialnymi. Gdy odzyskujemy prawo do zÅ‚oÅ›ci, niezgody, wolnoÅ›ci i Å¼ycia na wÅ‚asnych zasadach. Bo ciaÅ‚o to nie tylko biologia â€“ to nasza historia, toÅ¼samoÅ›Ä‡ i siÅ‚a.

ğŸ“Œ W tym odcinku usÅ‚yszysz:

ğŸŒ¿ Dlaczego menopauza to czÄ™sto pierwszy moment w Å¼yciu, kiedy naprawdÄ™ zaczynamy czuÄ‡ siebie
ğŸ’ª Jak zadbaÄ‡ o ciaÅ‚o, ktÃ³re siÄ™ zmienia â€“ z czuÅ‚oÅ›ciÄ… i bez walki
ğŸŒ€ Czym jest bunt dojrzaÅ‚ej kobiety â€“ i dlaczego jest nam wszystkim potrzebny
ğŸ’¬ Jak rozmawiaÄ‡ o kobiecoÅ›ci, seksualnoÅ›ci i wolnoÅ›ci bez wstydu i autocenzury
ğŸ”¥ Dlaczego dojrzaÅ‚oÅ›Ä‡ to nie koniec, a poczÄ…tek â€“ prawdziwego Å¼ycia

ğŸ‘‰ JeÅ›li szukasz rozmowy o prawdziwym Å¼yciu, kobiecej sile, toÅ¼samoÅ›ci, menopauzie, emocjach i ciele â€“ ten odcinek jest dla Ciebie.


#menopauza #GosiaOhme #AlicjaDÅ‚ugoÅ‚Ä™cka #zdrowiekobiety #menopauzabezwstydu #dojrzaÅ‚oÅ›Ä‡ #emocje
____________________
@GosiaOhme  
ğŸ”” Subskrybuj: https://youtube.com/@lajfnolmakeup?sub_confirmation=1
ğŸŒ Strona: https://ohme.pl
ğŸ‘ Facebook: https://facebook.com/gosiaohme
ğŸ“· Instagram: https://instagram.com/gosiaohme
ğŸµ TikTok: https://tiktok.com/@gosiaohme
ğŸ§ PosÅ‚uchaj na streamingu: https://ffm.bio/lajfnolmakeup
Spotify â–º https://open.spotify.com/show/3IlQGlpvLpC7nkpOPZjvnc?si=3d12ad87b1504fd8
ğŸ“© Kontakt: manager@ohme.pl","Gosia Ohme, podcast ohme, Alicja DÅ‚ugoÅ‚Ä™cka, menopauza, kobiecoÅ›Ä‡ po 50, ciaÅ‚o kobiety, zmiany hormonalne, zdrowie kobiet, dojrzewanie do siebie, emocje i ciaÅ‚o, seksualnoÅ›Ä‡ kobiet, psychologia menopauzy, relacja z ciaÅ‚em, siÅ‚a dojrzaÅ‚ych kobiet, wolnoÅ›Ä‡ kobiety, bunt kobiecy, zmiana w Å¼yciu, kobieta po piÄ™Ä‡dziesiÄ…tce, jak Å¼yÄ‡ po 50, Å¼ycie na wÅ‚asnych zasadach, rozmowy z GosiÄ… Ohme",long,2222,170,8,0,hd,false,True,26,"GosiÄ… Ohme, AlicjÄ… DÅ‚ugoÅ‚Ä™ckÄ…, Alicja DÅ‚ugoÅ‚Ä™cka Gosia, Gosia Ohme, Alicja DÅ‚ugoÅ‚Ä™cka",pu6a9-MU3fs,PT1H23M55S,https://i.ytimg.com/vi/pu6a9-MU3fs/default.jpg
Gosia Ohme,UCEPr3huxC4mEPN8NtIKVmxA,2025-07-31,16:02,Jak dzieciÅ„stwo ksztaÅ‚tuje twoje relacje â€” Katarzyna Miller Gosia Ohme,,"Gosia Ohme, podcast ohme, miller ohme, katarzyna miller, rozmowy o zdrowym Å¼yciu, rozmowa, dzieciÅ„stwo, relacje, kobiety",long,4009,126,1,0,hd,false,True,26,"Katarzyna Miller, Gosia Ohme, Katarzyna Miller Gosia",zWSvMOR8Wtk,PT1M29S,https://i.ytimg.com/vi/zWSvMOR8Wtk/default.jpg
Gosia Ohme,UCEPr3huxC4mEPN8NtIKVmxA,2025-07-31,15:15,Moja droga do siebie â€“ Gosia Ohme,,"Gosia Ohme, podcast ohme, ohme, kafka, moja droga do siebie",shorts,1906,33,2,0,hd,false,True,26,Gosia Ohme,lGzLq88XwNs,PT33S,https://i.ytimg.com/vi/lGzLq88XwNs/default.jpg
Gosia Ohme,UCEPr3huxC4mEPN8NtIKVmxA,2025-07-30,18:45,Facet idealny â€“ Katarzyna Miller Gosia Ohme,,"Gosia Ohme, podcast ohme, Katarzyna Miller, ohme miller, rozmowy o zdrowym Å¼yciu, facet idealny",shorts,9044,152,1,0,hd,false,True,26,"Katarzyna Miller, Gosia Ohme, Katarzyna Miller Gosia",rw0xgG0_Mf0,PT33S,https://i.ytimg.com/vi/rw0xgG0_Mf0/default.jpg
Gosia Ohme,UCEPr3huxC4mEPN8NtIKVmxA,2025-07-30,15:15,Odzyskaj siÅ‚Ä™ i odrzuÄ‡ toksyczne relacje â€“ Gosia Ohme,,"Gosia Ohme, podcast ohme, kafka, siÅ‚a, emocje, podcast, ohme, toksyczne relacje, kobiety",shorts,3420,74,4,0,hd,false,True,26,Gosia Ohme,gKP2oSS1N54,PT44S,https://i.ytimg.com/vi/gKP2oSS1N54/default.jpg
Gosia Ohme,UCEPr3huxC4mEPN8NtIKVmxA,2025-08-01,15:18,"DojrzaÅ‚oÅ›Ä‡, miÅ‚oÅ›Ä‡ i autonomia â€” Alicja DÅ‚ugoÅ‚Ä™cka Gosia Ohme",,"Gosia Ohme, podcast ohme, Alicja dÅ‚ugoÅ‚Ä™cka, ohme dÅ‚ugoÅ‚Ä™cka, dojrzaÅ‚oÅ›Ä‡, miÅ‚oÅ›Ä‡, autonomia, rozmowy o zdrowym Å¼yciu",long,1432,12,0,0,hd,false,True,26,"Alicja DÅ‚ugoÅ‚Ä™cka Gosia, Alicja DÅ‚ugoÅ‚Ä™cka, Gosia Ohme",psbzov-7kQY,PT1M7S,https://i.ytimg.com/vi/psbzov-7kQY/default.jpg
Gosia Ohme,UCEPr3huxC4mEPN8NtIKVmxA,2025-08-01,15:15,Pokonaj strach â€“ Gosia Ohme,,"Gosia Ohme, podcast ohme, Pokonaj strach, ohme, kafka, emocje",shorts,995,26,1,0,hd,false,True,26,Gosia Ohme,5B5VIbtrJ1M,PT48S,https://i.ytimg.com/vi/5B5VIbtrJ1M/default.jpg
W zwiÄ…zku - Paulina Koziejowska i Maciej OrÅ‚oÅ›,UCBOS3jMU98qRrgCdZEB2cGg,2025-07-30,17:54,TO KOBIETA WYBIERA MÄ˜Å»CZYZNÄ˜ #podcast #wzwiÄ…zku #psychoterapia,,,long,23848,505,62,0,hd,false,True,22,,91Zzu8LegTI,PT1M58S,https://i.ytimg.com/vi/91Zzu8LegTI/default.jpg
W zwiÄ…zku - Paulina Koziejowska i Maciej OrÅ‚oÅ›,UCBOS3jMU98qRrgCdZEB2cGg,2025-08-01,15:35,"MÄ˜Å»CZYZNA MA BARDZIEJ KOCHAÄ† KOBIETÄ˜, NIÅ» KOCHAÄ† SIEBIE #podcast #wzwiÄ…zku #psychoterapia",,,long,6757,247,62,0,hd,false,True,22,,MVCLZhsnKBA,PT1M57S,https://i.ytimg.com/vi/MVCLZhsnKBA/default.jpg
newonce,UCZlf5mE-oiBzJDddO-pXL4g,2025-07-31,11:57,ASSTER: DALEJ JEST WE MNIE PODZIEMNY BRUD (WYWIAD),"Asster wydaÅ‚ najbardziej osobisty album w karierze, a w rozmowie z JJem opowiedziaÅ‚: skÄ…d potrzeba skupienia siÄ™ na liryce, jak zmieniÅ‚ podejÅ›cie do tworzenia muzyki, dlaczego nie chce siÄ™ trzymaÄ‡ sztywnych rapowych ram. ZdradziÅ‚ teÅ¼ background ""konfliktu"" z White Widow.

Asster: https://www.instagram.com/young_asster/
JJ ÅšwiÄ™cicki: https://www.instagram.com/jj_swiecicki/

RozdziaÅ‚y:

00:00-1:55 WstÄ™p
1:56-6:59 Przekaz nowej pÅ‚yty
7:00-10:01 Choroba Asstera
10:02-17:45 One Eye Movement
17:46-24:47 Brzmienie nowych rzeczy Asstera, numer z HonoratÄ… Skarbek
24:48-28:23 WspÃ³Å‚praca z The Returners
28:24-33:09 Czy Asster znudziÅ‚ siÄ™ rapem?
33:10-34:45 Konflikt z White Widow
34:46-38:48 PrzyjaÅºÅ„ z Young Igim
38:49-43:00 Trasa koncertowa, przyjaÅºÅ„ z AG i zakoÅ„czenie



OBSERWUJ: 
https://www.tiktok.com/@newonce
https://instagram.com/newonce
https://facebook.com/newonce

#newonce","newonce radio, newonce, niuans, niuans radio, radio newonce, newance",long,2778,210,29,0,hd,false,True,10,"One Eye Movement, Young Igim, The Returners, Choroba Asstera, One Eye, Czy Asster, HonoratÄ… Skarbek, White Widow",OkU3NZaMAnc,PT43M1S,https://i.ytimg.com/vi/OkU3NZaMAnc/default.jpg
newonce,UCZlf5mE-oiBzJDddO-pXL4g,2025-07-30,11:18,TO PRZYSZÅOÅšÄ† POLSKIEGO RAPU?,"OBSERWUJ: 
https://www.tiktok.com/@newonce
https://instagram.com/newonce
https://facebook.com/newonce

#newonce","newonce radio, newonce, niuans, polski rap, rap, hip-hop, polska muzyka, muzyka, artyÅ›ci z polski, ranking, przewidywania muzyczne, JJ Swiecicki",long,1327,21,4,0,hd,false,True,10,,Ahnx-IBcv9A,PT1M30S,https://i.ytimg.com/vi/Ahnx-IBcv9A/default.jpg
newonce,UCZlf5mE-oiBzJDddO-pXL4g,2025-08-01,20:17,Na jaki koncert OFF Festivalu czekasz najbardziej? Perlage #reklama,,,long,264,2,0,0,hd,false,True,10,,3Hf8iJffoAw,PT1M40S,https://i.ytimg.com/vi/3Hf8iJffoAw/default.jpg
Biznes Klasa,UCBGMZgxsjFo_S1KFp_l8nnA,2025-07-31,13:45,UÅ¼ywana elektryki w komisie,,"Å‚ukasz kijek, biznes klasa, rozmowa, wywiad, biznes, wywiad w samochodzie, miszta, auto komis, auta elektryczne",long,6138,59,1,0,hd,false,True,22,,bgAM3W-mv3s,PT1M10S,https://i.ytimg.com/vi/bgAM3W-mv3s/default.jpg
Biznes Klasa,UCBGMZgxsjFo_S1KFp_l8nnA,2025-07-30,13:45,Hity polskich auto komisÃ³w,,"Å‚ukasz kijek, biznes klasa, rozmowa, wywiad, biznes, wywiad w samochodzie, auto komis, komis, miszta, volvo, fiat",long,34450,140,3,0,hd,false,True,22,,OPxRh-1ytzA,PT1M2S,https://i.ytimg.com/vi/OPxRh-1ytzA/default.jpg
Biznes Klasa,UCBGMZgxsjFo_S1KFp_l8nnA,2025-08-01,05:01,Na co zwraca uwagÄ™ wÅ‚aÅ›ciciel komisu samochodowego?,,"Å‚ukasz kijek, biznes klasa, rozmowa, wywiad, biznes, wywiad w samochodzie, komis, paweÅ‚ miszta",shorts,10164,92,1,0,hd,false,True,22,,nh8piXJ2L_o,PT56S,https://i.ytimg.com/vi/nh8piXJ2L_o/default.jpg
Åšwiat Gwiazd,UCShUU9VW-unGNHC-3XMUSmQ,2025-07-31,17:59,"Szok w Polsacie! UrbaÅ„ski zdradza, co zrobiÄ… zâ€¯Milionerami â€“ widzowie przecierajÄ… oczy","Hubert UrbaÅ„ski oficjalnie w telewizji Polsat. W rozmowie z portalem Åšwiat gwiazd zdradziÅ‚ jak bÄ™dzie wyglÄ…daÅ‚ program Milionerzy, czy konkuruje z Krzysztofem Ibiszem, dlczego nie interesuje siÄ™ sprawami Polski i politykÄ… oraz co sÄ…dzi o powrocie Kingi Rusin do TVN-u. 

ğŸ¬ SUBSKRYBUJ NASZ KANAÅ â¡ï¸ https://bit.ly/3RoQWmZ
Åšwiat Gwiazd â€“ gwiazdy, show-biznes i life-style w jednym miejscu!

ğŸ¤ U nas znajdziesz:
âœ¨ Ekskluzywne videopodcasty Mateusza Szymkowiaka prosto z warszawskiego studia w Ethos Warsaw â€“ szczere rozmowy z najwiÄ™kszymi nazwiskami polskiego show-biznesu.
ğŸ¤ NajgorÄ™tsze wywiady i relacje z eventÃ³w autorstwa Klaudii Lewandowskiej i Jakuba Szewczyka â€“ z czerwonych dywanÃ³w, premier, festiwali i planÃ³w hitowych programÃ³w.
ğŸ¬ Programy na Å¼ywo, newsy ze Å›wiata celebrytÃ³w i lifestyleâ€™owe inspiracje, ktÃ³re pokochasz.

ğŸ‘€ Zobacz nas teÅ¼ na:
ğŸ“² Portal: https://swiatgwiazd.pl
ğŸ‘ Facebook: https://www.facebook.com/swiatgwiazdpl
ğŸ“¸ Instagram: https://www.instagram.com/swiat.gwiazd
ğŸŒ Twitter/X: https://twitter.com/SwiatGwiazd
ğŸµ TikTok: https://www.tiktok.com/@swiatgwiazd.pl

ğŸª© Åšwiat Gwiazd â€“ zobacz, czym Å¼yjÄ… gwiazdy!

#huberturbaÅ„ski #krzysztofibisz #milionerzy #kingarusin","showbiznes, polskie gwiazdy, Å›wiat gwiazd, celebryci, Hubert UrbaÅ„ski, wywiad z Hubertem UrbaÅ„skim, rywalizacja ibisza z UrbaÅ„skim, powrÃ³t Kingi Rusin do TVN, UrbaÅ„ski w Polsacie, milionerzy, hubert urbaÅ„ski, urbaÅ„ski, miszczak, ibisz, ibisz krzysztof",long,1337,21,2,0,hd,false,True,24,"Jakuba Szewczyka, Mateusza Szymkowiaka, Ethos Warsaw, Hubert UrbaÅ„ski, Kingi Rusin, Åšwiat Gwiazd, Klaudii Lewandowskiej, Hubertem UrbaÅ„skim, Krzysztofem Ibiszem",Z-GoQV5zlEs,PT8M2S,https://i.ytimg.com/vi/Z-GoQV5zlEs/default.jpg
Åšwiat Gwiazd,UCShUU9VW-unGNHC-3XMUSmQ,2025-07-31,17:15,Po latach Edward Miszczak przerwaÅ‚ milczenie. Tak zmarÅ‚a jego Å¼ona,"ÅšmierÄ‡ Joanny KoÅ‚aczkowskiej wywoÅ‚uje w Edwardzie Miszczaku zaskakujÄ…ce refleksje i osobiste wspomnienia dotyczÄ…ce Å›mierci Å¼ony.
W rozmowie z Jakubem Szewczykiem dyrektor programowy Polsatu zdradza kulisy transferu Huberta UrbaÅ„skiego i teleturnieju ""Milionerzy"". Dlaczego ""Taniec z gwiazdami"" wciÄ…Å¼ budzi emocje publicznoÅ›ci? PadÅ‚a niekonwencjonalna odpowiedÅº!

ğŸ¬ SUBSKRYBUJ NASZ KANAÅ â¡ï¸ https://bit.ly/3RoQWmZ
Åšwiat Gwiazd â€“ gwiazdy, show-biznes i life-style w jednym miejscu!

ğŸ¤ U nas znajdziesz:
âœ¨ Ekskluzywne videopodcasty Mateusza Szymkowiaka prosto z warszawskiego studia w Ethos Warsaw â€“ szczere rozmowy z najwiÄ™kszymi nazwiskami polskiego show-biznesu.
ğŸ¤ NajgorÄ™tsze wywiady i relacje z eventÃ³w autorstwa Klaudii Lewandowskiej i Jakuba Szewczyka â€“ z czerwonych dywanÃ³w, premier, festiwali i planÃ³w hitowych programÃ³w.
ğŸ¬ Programy na Å¼ywo, newsy ze Å›wiata celebrytÃ³w i lifestyleâ€™owe inspiracje, ktÃ³re pokochasz.

ğŸ‘€ Zobacz nas teÅ¼ na:
ğŸ“² Portal: https://swiatgwiazd.pl
ğŸ‘ Facebook: https://www.facebook.com/swiatgwiazdpl
ğŸ“¸ Instagram: https://www.instagram.com/swiat.gwiazd
ğŸŒ Twitter/X: https://twitter.com/SwiatGwiazd
ğŸµ TikTok: https://www.tiktok.com/@swiatgwiazd.pl

ğŸª© Åšwiat Gwiazd â€“ zobacz, czym Å¼yjÄ… gwiazdy!

#edwardmiszczak #joannakoÅ‚aczkowska #polsat","showbiznes, polskie gwiazdy, Å›wiat gwiazd, celebryci, edward miszczak, joanna koÅ‚aczkowska, koÅ‚aczkowska, miszczak wyiad, koÅ‚aczkowska wywiad, polsat, taniec z gwiazdami, krzysztof ibisz, hubert urbaÅ„ski, milionerzy polsat, milionerzy",long,33755,134,8,0,hd,false,True,24,"Jakuba Szewczyka, Mateusza Szymkowiaka, ÅšmierÄ‡ Joanny, Edward Miszczak, Ethos Warsaw, Edwardzie Miszczaku, Jakubem Szewczykiem, Åšwiat Gwiazd, ÅšmierÄ‡ Joanny KoÅ‚aczkowskiej, Klaudii Lewandowskiej, Huberta UrbaÅ„skiego",j4TzQS1jVEw,PT8M15S,https://i.ytimg.com/vi/j4TzQS1jVEw/default.jpg
Åšwiat Gwiazd,UCShUU9VW-unGNHC-3XMUSmQ,2025-07-31,16:25,Kaczorowska i Rogacewicz SÄ„ PARÄ„?! Reakcja Agnieszki mÃ³wi wszystko!,"Agnieszka Kaczorowska wraca do programu Taniec z Gwiazdami! W rozmowie z KlaudiÄ… LewandowskÄ… zdradziÅ‚a jak wyglÄ…da jej relacja z Marcinem Rogacewiczem, czy pokaÅ¼e publicznie swÃ³j zwiÄ…zek, kiedy zdecydowaÅ‚a siÄ™ na kupno domu i kiedy zakoÅ„czÄ… siÄ™ sprawy z Maciejem PelÄ…? 

ğŸ¬ SUBSKRYBUJ NASZ KANAÅ â¡ï¸ https://bit.ly/3RoQWmZ
Åšwiat Gwiazd â€“ gwiazdy, show-biznes i life-style w jednym miejscu!

ğŸ¤ U nas znajdziesz:
âœ¨ Ekskluzywne videopodcasty Mateusza Szymkowiaka prosto z warszawskiego studia w Ethos Warsaw â€“ szczere rozmowy z najwiÄ™kszymi nazwiskami polskiego show-biznesu.
ğŸ¤ NajgorÄ™tsze wywiady i relacje z eventÃ³w autorstwa Klaudii Lewandowskiej i Jakuba Szewczyka â€“ z czerwonych dywanÃ³w, premier, festiwali i planÃ³w hitowych programÃ³w.
ğŸ¬ Programy na Å¼ywo, newsy ze Å›wiata celebrytÃ³w i lifestyleâ€™owe inspiracje, ktÃ³re pokochasz.

ğŸ‘€ Zobacz nas teÅ¼ na:
ğŸ“² Portal: https://swiatgwiazd.pl
ğŸ‘ Facebook: https://www.facebook.com/swiatgwiazdpl
ğŸ“¸ Instagram: https://www.instagram.com/swiat.gwiazd
ğŸŒ Twitter/X: https://twitter.com/SwiatGwiazd
ğŸµ TikTok: https://www.tiktok.com/@swiatgwiazd.pl

ğŸª© Åšwiat Gwiazd â€“ zobacz, czym Å¼yjÄ… gwiazdy!","showbiznes, polskie gwiazdy, Å›wiat gwiazd, celebryci, kaczorowska, agnieszka kaczorowska, agnieszka kaczorowska rogacewicz, agnieszka kaczorowska i maciej pela, maciej pela, agnieszka kaczorowska i maciej rogacewicz, z kim jest agnieszka kaczorowska",long,9534,117,16,0,hd,false,True,24,"Marcinem Rogacewiczem, Mateusza Szymkowiaka, Ethos Warsaw, Jakuba Szewczyka, Agnieszka Kaczorowska, KlaudiÄ… LewandowskÄ…, Åšwiat Gwiazd, Klaudii Lewandowskiej, Maciejem PelÄ…, Reakcja Agnieszki",H5YOYSpKQXg,PT10M5S,https://i.ytimg.com/vi/H5YOYSpKQXg/default.jpg
Åšwiat Gwiazd,UCShUU9VW-unGNHC-3XMUSmQ,2025-07-31,15:47,"ByÅ‚yÅ›my umÃ³wioneâ€¦ MaÅ‚gorzata Walewska o Å›mierci Joanny KoÅ‚aczkowskiej: MyÅ›laÅ‚am, Å¼e wyzdrowieje","MaÅ‚gorzata Walewska w poruszajÄ…cym wspomnieniu Joanny KoÅ‚aczkowskiej. W rozmowie z Jakubem Szewczykiem zdradza kulisy ich znajomoÅ›ci. Artystka wspomina rÃ³wnieÅ¼ odejÅ›cie PawÅ‚a KrÃ³likowskiego. Zdradza, jak ta tragedia wpÅ‚ynÄ™Å‚a na produkcjÄ™ programu â€Twoja twarz brzmi znajomoâ€.
 
ğŸ¬ SUBSKRYBUJ NASZ KANAÅ â¡ï¸ https://bit.ly/3RoQWmZ
Åšwiat Gwiazd â€“ gwiazdy, show-biznes i life-style w jednym miejscu!

ğŸ¤ U nas znajdziesz:
âœ¨ Ekskluzywne videopodcasty Mateusza Szymkowiaka prosto z warszawskiego studia w Ethos Warsaw â€“ szczere rozmowy z najwiÄ™kszymi nazwiskami polskiego show-biznesu.
ğŸ¤ NajgorÄ™tsze wywiady i relacje z eventÃ³w autorstwa Klaudii Lewandowskiej i Jakuba Szewczyka â€“ z czerwonych dywanÃ³w, premier, festiwali i planÃ³w hitowych programÃ³w.
ğŸ¬ Programy na Å¼ywo, newsy ze Å›wiata celebrytÃ³w i lifestyleâ€™owe inspiracje, ktÃ³re pokochasz.

ğŸ‘€ Zobacz nas teÅ¼ na:
ğŸ“² Portal: https://swiatgwiazd.pl
ğŸ‘ Facebook: https://www.facebook.com/swiatgwiazdpl
ğŸ“¸ Instagram: https://www.instagram.com/swiat.gwiazd
ğŸŒ Twitter/X: https://twitter.com/SwiatGwiazd
ğŸµ TikTok: https://www.tiktok.com/@swiatgwiazd.pl

ğŸª© Åšwiat Gwiazd â€“ zobacz, czym Å¼yjÄ… gwiazdy!

#joannakoÅ‚aczkowska #koÅ‚aczkowska #twojatwarzbrzmiznajomo","showbiznes, polskie gwiazdy, Å›wiat gwiazd, celebryci, KoÅ‚aczkowska, Joanna KoÅ‚aczkowska, Kabaret hrabi, MaÅ‚gorzata Walewska, Twoja twarz brzmi znajomo, KoÅ‚aczkowska wywiad, KoÅ‚aczkowska grÃ³b, PaweÅ‚ KrÃ³likowski, KrÃ³likowski, nie Å¼yje koÅ‚aczkowska, pogrzeb koÅ‚aczkowskiej, na co zmarÅ‚a koÅ‚aczkowska, nie Å¼yje joanna koÅ‚aczkowska, koÅ‚aczkowska joasia",long,6440,102,2,0,hd,false,True,24,"Jakuba Szewczyka, Mateusza Szymkowiaka, Ethos Warsaw, Joanna KoÅ‚aczkowska, Joanny KoÅ‚aczkowskiej, Jakubem Szewczykiem, PaweÅ‚ KrÃ³likowski, Åšwiat Gwiazd, Klaudii Lewandowskiej, PawÅ‚a KrÃ³likowskiego, MaÅ‚gorzata Walewska",Cu_OqexvEy0,PT10M57S,https://i.ytimg.com/vi/Cu_OqexvEy0/default.jpg
Åšwiat Gwiazd,UCShUU9VW-unGNHC-3XMUSmQ,2025-07-31,03:21,Artur Andrus Å¼egna JoannÄ™ KoÅ‚aczkowskÄ…. SpeÅ‚niÅ‚ jej nietypowÄ… proÅ›bÄ™,"Artur Andrus w poruszajÄ…cych sÅ‚owach poÅ¼egnaÅ‚ JoannÄ™ KoÅ‚aczkowskÄ…, ktÃ³ra odeszÅ‚a 17 lipca w wieku 59 lat. Zgodnie z jej nietypowÄ… proÅ›bÄ… pogrzeb miaÅ‚ byÄ‡ ani zbyt powaÅ¼ny, ani zbyt Å›mieszny. Na koniec Andrus wykonaÅ‚ symboliczne brawa na kolanach â€“ gest, ktÃ³ry Asia sama zaplanowaÅ‚a jako hoÅ‚d dla swojego Å¼ycia i twÃ³rczoÅ›ci.

ğŸ¬ SUBSKRYBUJ NASZ KANAÅ â¡ï¸ https://bit.ly/3RoQWmZ
Åšwiat Gwiazd â€“ gwiazdy, show-biznes i life-style w jednym miejscu!

ğŸ¤ U nas znajdziesz:
âœ¨ Ekskluzywne videopodcasty Mateusza Szymkowiaka prosto z warszawskiego studia w Ethos Warsaw â€“ szczere rozmowy z najwiÄ™kszymi nazwiskami polskiego show-biznesu.
ğŸ¤ NajgorÄ™tsze wywiady i relacje z eventÃ³w autorstwa Klaudii Lewandowskiej i Jakuba Szewczyka â€“ z czerwonych dywanÃ³w, premier, festiwali i planÃ³w hitowych programÃ³w.
ğŸ¬ Programy na Å¼ywo, newsy ze Å›wiata celebrytÃ³w i lifestyleâ€™owe inspiracje, ktÃ³re pokochasz.

ğŸ‘€ Zobacz nas teÅ¼ na:
ğŸ“² Portal: https://swiatgwiazd.pl
ğŸ‘ Facebook: https://www.facebook.com/swiatgwiazdpl
ğŸ“¸ Instagram: https://www.instagram.com/swiat.gwiazd
ğŸŒ Twitter/X: https://twitter.com/SwiatGwiazd
ğŸµ TikTok: https://www.tiktok.com/@swiatgwiazd.pl

ğŸª© Åšwiat Gwiazd â€“ zobacz, czym Å¼yjÄ… gwiazdy!

#joannakoÅ‚aczkowska #koÅ‚aczkowska #andrus","showbiznes, polskie gwiazdy, Å›wiat gwiazd, celebryci, artur andrus, andrus, joanna koÅ‚aczkowska, koÅ‚aczkowska pogrzeb, pogrzeb joanny koÅ‚aczkowskiej, hrabi, koÅ‚aczkowska nie Å¼yje, nie Å¼yje koÅ‚aczkowska, pogrzeb koÅ‚aczkowskiej, andrus artur przemÃ³wienie, gdzie pochowano koÅ‚aczkowskÄ…",long,78399,1028,72,0,sd,false,True,24,"Jakuba Szewczyka, Mateusza Szymkowiaka, Ethos Warsaw, Åšwiat Gwiazd, JoannÄ™ KoÅ‚aczkowskÄ…, Klaudii Lewandowskiej, Artur Andrus",9FLKDCJkiDU,PT2M57S,https://i.ytimg.com/vi/9FLKDCJkiDU/default.jpg
Åšwiat Gwiazd,UCShUU9VW-unGNHC-3XMUSmQ,2025-07-30,16:37,"Serialowa Mariolka wspomina ostatnie chwile Marzeny Kipiel-Sztuki. ""ByÅ‚a bardzo skrzywdzona""","Barbara Mularczyk, znana widzom jako serialowa Ula Kiepska, pierwszy raz tak szczerze opowiedziaÅ‚a o ostatnich chwilach Å¼ycia Marzeny Kipiel-Sztuki. Ich relacja byÅ‚a wyjÄ…tkowa, peÅ‚na ciepÅ‚a i zrozumienia, ale Å›mierÄ‡ Halinki Kiepskiej zostawiÅ‚a ogromnÄ… pustkÄ™. Aktorka nie upiÄ™ksza rzeczywistoÅ›ci â€“ mÃ³wi wprost, jak wyglÄ…daÅ‚o odchodzenie jej koleÅ¼anki z planu. Z relacji Barbary wyÅ‚ania siÄ™ obraz kobiety, ktÃ³ra cierpiaÅ‚a w ciszy, z godnoÅ›ciÄ…, ale teÅ¼ z poczuciem samotnoÅ›ci. To poruszajÄ…ce Å›wiadectwo nie tylko o chorobie i Å›mierci, ale takÅ¼e o trudnych kulisach Å¼ycia po zejÅ›ciu z ekranu.

ğŸ¬ SUBSKRYBUJ NASZ KANAÅ â¡ï¸ https://bit.ly/3RoQWmZ
Åšwiat Gwiazd â€“ gwiazdy, show-biznes i life-style w jednym miejscu!

ğŸ¤ U nas znajdziesz:
âœ¨ Ekskluzywne videopodcasty Mateusza Szymkowiaka prosto z warszawskiego studia w Ethos Warsaw â€“ szczere rozmowy z najwiÄ™kszymi nazwiskami polskiego show-biznesu.
ğŸ¤ NajgorÄ™tsze wywiady i relacje z eventÃ³w autorstwa Klaudii Lewandowskiej i Jakuba Szewczyka â€“ z czerwonych dywanÃ³w, premier, festiwali i planÃ³w hitowych programÃ³w.
ğŸ¬ Programy na Å¼ywo, newsy ze Å›wiata celebrytÃ³w i lifestyleâ€™owe inspiracje, ktÃ³re pokochasz.

ğŸ‘€ Zobacz nas teÅ¼ na:
ğŸ“² Portal: https://swiatgwiazd.pl
ğŸ‘ Facebook: https://www.facebook.com/swiatgwiazdpl
ğŸ“¸ Instagram: https://www.instagram.com/swiat.gwiazd
ğŸŒ Twitter/X: https://twitter.com/SwiatGwiazd
ğŸµ TikTok: https://www.tiktok.com/@swiatgwiazd.pl

ğŸª© Åšwiat Gwiazd â€“ zobacz, czym Å¼yjÄ… gwiazdy!

#Å›wiatwedÅ‚ugkiepskich #basiamularczyk #marzenakipielsztuka","showbiznes, polskie gwiazdy, Å›wiat gwiazd, celebryci, marzena kipiel sztuka, kipiel sztuka, kipiel sztuka wywiad, wywiad z marzenÄ… kipiel sztukÄ…, barbara mularczyk, mularczyk basia, mariolka kiepscy, kiepscy, na co zmarÅ‚a kipiel sztuka, na co zmarÅ‚a marzena kipiel?",long,73127,216,15,0,hd,false,True,24,"Marzeny Kipiel, Mateusza Szymkowiaka, Ethos Warsaw, Jakuba Szewczyka, Ula Kiepska, Barbara Mularczyk, Halinki Kiepskiej, Serialowa Mariolka, Åšwiat Gwiazd, Klaudii Lewandowskiej",mH5VK5FmaGI,PT9M,https://i.ytimg.com/vi/mH5VK5FmaGI/default.jpg
Åšwiat Gwiazd,UCShUU9VW-unGNHC-3XMUSmQ,2025-07-30,12:49,WzruszajÄ…cy widok na grobie Joanny KoÅ‚aczkowskiej. Fani zostawiajÄ… listy i prezenty,"W tym filmie zabieramy Was na grÃ³b Joanny KoÅ‚aczkowskiej â€” ikony polskiego kabaretu, artystki o wielkim sercu i niezwykÅ‚ym talencie.
Dwa dni po pogrzebie odwiedzamy Jej miejsce spoczynku. Miejsce, gdzie wciÄ…Å¼ unosi siÄ™ zapach Å›wieÅ¼ych kwiatÃ³w i atmosfera zadumy.

To nie jest zwykÅ‚a relacja. To chwila ciszy, ktÃ³rej czasem tak bardzo potrzeba.
Chwila, ktÃ³ra przypomina, jak cicho odchodzi Å›miech, a jak dÅ‚ugo brzmiÄ… wspomnienia.

ğŸ¬ SUBSKRYBUJ NASZ KANAÅ â¡ï¸ https://bit.ly/3RoQWmZ
Åšwiat Gwiazd â€“ gwiazdy, show-biznes i life-style w jednym miejscu!

ğŸ¤ U nas znajdziesz:
âœ¨ Ekskluzywne videopodcasty Mateusza Szymkowiaka prosto z warszawskiego studia w Ethos Warsaw â€“ szczere rozmowy z najwiÄ™kszymi nazwiskami polskiego show-biznesu.
ğŸ¤ NajgorÄ™tsze wywiady i relacje z eventÃ³w autorstwa Klaudii Lewandowskiej i Jakuba Szewczyka â€“ z czerwonych dywanÃ³w, premier, festiwali i planÃ³w hitowych programÃ³w.
ğŸ¬ Programy na Å¼ywo, newsy ze Å›wiata celebrytÃ³w i lifestyleâ€™owe inspiracje, ktÃ³re pokochasz.

ğŸ‘€ Zobacz nas teÅ¼ na:
ğŸ“² Portal: https://swiatgwiazd.pl
ğŸ‘ Facebook: https://www.facebook.com/swiatgwiazdpl
ğŸ“¸ Instagram: https://www.instagram.com/swiat.gwiazd
ğŸŒ Twitter/X: https://twitter.com/SwiatGwiazd
ğŸµ TikTok: https://www.tiktok.com/@swiatgwiazd.pl

ğŸª© Åšwiat Gwiazd â€“ zobacz, czym Å¼yjÄ… gwiazdy!

#joannakoÅ‚aczkowska #koÅ‚aczkowska #grÃ³bkoÅ‚aczkowskiej","showbiznes, polskie gwiazdy, Å›wiat gwiazd, celebryci, joanna koÅ‚aczkowska, joanna koÅ‚aczkowska nie Å¼yje, hrabi, joanna koÅ‚aczkowska nie Å¼yje hrabi, joanna koÅ‚aczkowska pogrzeb, pogrzeb joasi koÅ‚aczkowskiej, pogrzeb koÅ‚aczkowskiej, na co zmarÅ‚a koÅ‚aczkowska, pogrzeb koÅ‚aczkowskiej andrus, grÃ³b joanny koÅ‚aczkowskiej, gdzie leÅ¼y joanna koÅ‚aczkowska",long,34773,397,73,0,hd,false,True,24,"Jakuba Szewczyka, Mateusza Szymkowiaka, Ethos Warsaw, Joanny KoÅ‚aczkowskiej, Åšwiat Gwiazd, Klaudii Lewandowskiej",PvNdtJWwrsQ,PT8M3S,https://i.ytimg.com/vi/PvNdtJWwrsQ/default.jpg
Åšwiat Gwiazd,UCShUU9VW-unGNHC-3XMUSmQ,2025-08-01,19:01,Nie wszyscy chcieli z niÄ… graÄ‡. Pazura ujawnia kulisy pracy z KoÅ‚aczkowskÄ…,"â€MiaÅ‚a prawo byÄ‡ nieskromnaâ€ â€” Cezary Pazura w poruszajÄ…cym wspomnieniu Joanny KoÅ‚aczkowskiej. Dlaczego nie wszyscy chcieli z niÄ… wystÄ™powaÄ‡? 
Aktor opowiada teÅ¼ o kulisach swojej metamorfozy. W rozmowie z Jakubem Szewczykiem zdradza, czy nazwanie planetoidy â€Pazuraâ€ odbyÅ‚o siÄ™ wbrew jego woli!

Czy Maciej Stuhr, wspierany przez sztucznÄ… inteligencjÄ™, godnie zastÄ…pi swojego ojca w roli OsÅ‚a w nadchodzÄ…cej, piÄ…tej czÄ™Å›ci â€Shrekaâ€?

ğŸ¬ SUBSKRYBUJ NASZ KANAÅ â¡ï¸ https://bit.ly/3RoQWmZ
Åšwiat Gwiazd â€“ gwiazdy, show-biznes i life-style w jednym miejscu!

ğŸ¤ U nas znajdziesz:
âœ¨ Ekskluzywne videopodcasty Mateusza Szymkowiaka prosto z warszawskiego studia w Ethos Warsaw â€“ szczere rozmowy z najwiÄ™kszymi nazwiskami polskiego show-biznesu.
ğŸ¤ NajgorÄ™tsze wywiady i relacje z eventÃ³w autorstwa Klaudii Lewandowskiej i Jakuba Szewczyka â€“ z czerwonych dywanÃ³w, premier, festiwali i planÃ³w hitowych programÃ³w.
ğŸ¬ Programy na Å¼ywo, newsy ze Å›wiata celebrytÃ³w i lifestyleâ€™owe inspiracje, ktÃ³re pokochasz.

ğŸ‘€ Zobacz nas teÅ¼ na:
ğŸ“² Portal: https://swiatgwiazd.pl
ğŸ‘ Facebook: https://www.facebook.com/swiatgwiazdpl
ğŸ“¸ Instagram: https://www.instagram.com/swiat.gwiazd
ğŸŒ Twitter/X: https://twitter.com/SwiatGwiazd
ğŸµ TikTok: https://www.tiktok.com/@swiatgwiazd.pl

ğŸª© Åšwiat Gwiazd â€“ zobacz, czym Å¼yjÄ… gwiazdy!

#cezarypazura #joannakoÅ‚aczkowska #shrek5","showbiznes, polskie gwiazdy, Å›wiat gwiazd, celebryci, cezary pazura, pazura wywiad, shrek 5, maciej stuhr, joanna koÅ‚aczkowska, koÅ‚aczkowska, gÅ‚os osÅ‚a, jerzy stuhr, karol nawrocki, zaprzysiÄ™Å¼enie Nawrockiego",long,6214,181,12,0,hd,false,True,24,"Jakuba Szewczyka, Mateusza Szymkowiaka, Ethos Warsaw, Joanny KoÅ‚aczkowskiej, Jakubem Szewczykiem, Cezary Pazura, Czy Maciej, Åšwiat Gwiazd, Klaudii Lewandowskiej, Czy Maciej Stuhr",xXpZMUdjfDg,PT12M40S,https://i.ytimg.com/vi/xXpZMUdjfDg/default.jpg
Åšwiat Gwiazd,UCShUU9VW-unGNHC-3XMUSmQ,2025-08-01,16:42,"Jeszcze nie ruszyÅ‚ â€Taniec z Gwiazdamiâ€, a juÅ¼ Å‚amiÄ… zasady! Uczestnicy przyÅ‚apani!","Ewa Minge wkracza na parkiet â€TaÅ„ca z Gwiazdamiâ€! OprÃ³cz walki o jak najlepsze wystÄ™py, chce wykorzystaÄ‡ udziaÅ‚ w show, by zwrÃ³ciÄ‡ uwagÄ™ widzÃ³w na waÅ¼ne problemy spoÅ‚eczne. Jakie tematy poruszy, korzystajÄ…c z ogromnych zasiÄ™gÃ³w rozrywkowej produkcji Polsatu?

ğŸ¬ SUBSKRYBUJ NASZ KANAÅ â¡ï¸ https://bit.ly/3RoQWmZ
Åšwiat Gwiazd â€“ gwiazdy, show-biznes i life-style w jednym miejscu!

ğŸ¤ U nas znajdziesz:
âœ¨ Ekskluzywne videopodcasty Mateusza Szymkowiaka prosto z warszawskiego studia w Ethos Warsaw â€“ szczere rozmowy z najwiÄ™kszymi nazwiskami polskiego show-biznesu.
ğŸ¤ NajgorÄ™tsze wywiady i relacje z eventÃ³w autorstwa Klaudii Lewandowskiej i Jakuba Szewczyka â€“ z czerwonych dywanÃ³w, premier, festiwali i planÃ³w hitowych programÃ³w.
ğŸ¬ Programy na Å¼ywo, newsy ze Å›wiata celebrytÃ³w i lifestyleâ€™owe inspiracje, ktÃ³re pokochasz.

ğŸ‘€ Zobacz nas teÅ¼ na:
ğŸ“² Portal: https://swiatgwiazd.pl
ğŸ‘ Facebook: https://www.facebook.com/swiatgwiazdpl
ğŸ“¸ Instagram: https://www.instagram.com/swiat.gwiazd
ğŸŒ Twitter/X: https://twitter.com/SwiatGwiazd
ğŸµ TikTok: https://www.tiktok.com/@swiatgwiazd.pl

ğŸª© Åšwiat Gwiazd â€“ zobacz, czym Å¼yjÄ… gwiazdy!

#ewaminge #tanieczgwiazdami #barbarabursztynowicz","showbiznes, polskie gwiazdy, Å›wiat gwiazd, celebryci, ewa minge, barbara bursztynowicz, taniec z gwiazdami, tzg, minge wywiad, minge taniec z gwiazdami, eva minge, bursztynowicz, taniec z gwiazdami pary",long,3190,33,1,0,hd,false,True,24,"Jakuba Szewczyka, Ewa Minge, Ethos Warsaw, Mateusza Szymkowiaka, Åšwiat Gwiazd, Klaudii Lewandowskiej",5aEs5j6ozio,PT9M56S,https://i.ytimg.com/vi/5aEs5j6ozio/default.jpg
Åšwiat Gwiazd,UCShUU9VW-unGNHC-3XMUSmQ,2025-08-01,16:17,"Trudno uwierzyÄ‡, Å¼e Steczkowska ma 52 lata. ZdradziÅ‚a swÃ³j sekret. WpÅ‚ywa na zdrowie","Justyna Steczkowska wciÄ…Å¼ zachwyca formÄ… i nienagannÄ… sylwetkÄ…. Czy zawdziÄ™cza to restrykcyjnym dietom i gÅ‚odÃ³wkom? Jej odpowiedÅº moÅ¼e zaskoczyÄ‡!

W szczerej rozmowie z Jakubem Szewczykiem artystka komentuje rÃ³wnieÅ¼ gÅ‚oÅ›ny koncert Jennifer Lopez na Stadionie Narodowym. Jak ocenia show amerykaÅ„skiej gwiazdy?

ZaglÄ…damy teÅ¼ za kulisy trasy â€Era Czarodoroâ€ â€” jak naprawdÄ™ wyglÄ…da spotkanie z JustynÄ… w formule meet and greet?

ğŸ¬ SUBSKRYBUJ NASZ KANAÅ â¡ï¸ https://bit.ly/3RoQWmZ
Åšwiat Gwiazd â€“ gwiazdy, show-biznes i life-style w jednym miejscu!

ğŸ¤ U nas znajdziesz:
âœ¨ Ekskluzywne videopodcasty Mateusza Szymkowiaka prosto z warszawskiego studia w Ethos Warsaw â€“ szczere rozmowy z najwiÄ™kszymi nazwiskami polskiego show-biznesu.
ğŸ¤ NajgorÄ™tsze wywiady i relacje z eventÃ³w autorstwa Klaudii Lewandowskiej i Jakuba Szewczyka â€“ z czerwonych dywanÃ³w, premier, festiwali i planÃ³w hitowych programÃ³w.
ğŸ¬ Programy na Å¼ywo, newsy ze Å›wiata celebrytÃ³w i lifestyleâ€™owe inspiracje, ktÃ³re pokochasz.

ğŸ‘€ Zobacz nas teÅ¼ na:
ğŸ“² Portal: https://swiatgwiazd.pl
ğŸ‘ Facebook: https://www.facebook.com/swiatgwiazdpl
ğŸ“¸ Instagram: https://www.instagram.com/swiat.gwiazd
ğŸŒ Twitter/X: https://twitter.com/SwiatGwiazd
ğŸµ TikTok: https://www.tiktok.com/@swiatgwiazd.pl

ğŸª© Åšwiat Gwiazd â€“ zobacz, czym Å¼yjÄ… gwiazdy!

#justynasteczkowska #jenniferlopez #jlo","showbiznes, polskie gwiazdy, Å›wiat gwiazd, celebryci, justyna steczkowska, steczkowska, steczkowska gaja, steczkowska jlo, steczkowska wywiad, jennifer lopez, jlo w polsce, jlo narodowy, jennifer lopez na narodowym, era czarodoro, meet and greet",long,2614,47,5,0,hd,false,True,24,"Jakuba Szewczyka, Era Czarodoro, Ethos Warsaw, Mateusza Szymkowiaka, Jennifer Lopez, Jakubem Szewczykiem, Åšwiat Gwiazd, Stadionie Narodowym, Klaudii Lewandowskiej, Justyna Steczkowska",HtBYBoVo2ac,PT6M58S,https://i.ytimg.com/vi/HtBYBoVo2ac/default.jpg
Åšwiat Gwiazd,UCShUU9VW-unGNHC-3XMUSmQ,2025-08-01,15:58,Barbara Bursztynowicz oceniÅ‚a AgnieszkÄ™ KaczorowskÄ…! Takiej szczeroÅ›ci nikt siÄ™ nie spodziewaÅ‚,"Po odejÅ›ciu z serialu â€Klanâ€ przed BarbarÄ… Bursztynowicz otworzyÅ‚y siÄ™ nowe zawodowe moÅ¼liwoÅ›ci. Teraz doÅ‚Ä…cza do grona uczestnikÃ³w â€TaÅ„ca z Gwiazdamiâ€. Czy obawia siÄ™ rywalizacji o gÅ‚osy widzÃ³w z parÄ…, w ktÃ³rej zataÅ„czy inna gwiazda â€Klanuâ€ â€” Agnieszka Kaczorowska?

ğŸ¬ SUBSKRYBUJ NASZ KANAÅ â¡ï¸ https://bit.ly/3RoQWmZ
Åšwiat Gwiazd â€“ gwiazdy, show-biznes i life-style w jednym miejscu!

ğŸ¤ U nas znajdziesz:
âœ¨ Ekskluzywne videopodcasty Mateusza Szymkowiaka prosto z warszawskiego studia w Ethos Warsaw â€“ szczere rozmowy z najwiÄ™kszymi nazwiskami polskiego show-biznesu.
ğŸ¤ NajgorÄ™tsze wywiady i relacje z eventÃ³w autorstwa Klaudii Lewandowskiej i Jakuba Szewczyka â€“ z czerwonych dywanÃ³w, premier, festiwali i planÃ³w hitowych programÃ³w.
ğŸ¬ Programy na Å¼ywo, newsy ze Å›wiata celebrytÃ³w i lifestyleâ€™owe inspiracje, ktÃ³re pokochasz.

ğŸ‘€ Zobacz nas teÅ¼ na:
ğŸ“² Portal: https://swiatgwiazd.pl
ğŸ‘ Facebook: https://www.facebook.com/swiatgwiazdpl
ğŸ“¸ Instagram: https://www.instagram.com/swiat.gwiazd
ğŸŒ Twitter/X: https://twitter.com/SwiatGwiazd
ğŸµ TikTok: https://www.tiktok.com/@swiatgwiazd.pl

ğŸª© Åšwiat Gwiazd â€“ zobacz, czym Å¼yjÄ… gwiazdy!

#barbarabursztynowicz #agnieszkakaczorowska #tanieczgwiazdami","showbiznes, polskie gwiazdy, Å›wiat gwiazd, celebryci, agnieszka kaczorowska, barbara bursztynowicz, bursztynowicz, kaczorowska, kaczorowska taniec z gwiazdami, bursztynowicz taniec z gwiazdami, serial klan, klan, boÅ¼enka z klanu, marcin rogacewicz",long,17659,102,5,0,hd,false,True,24,"Jakuba Szewczyka, Mateusza Szymkowiaka, Ethos Warsaw, Agnieszka Kaczorowska, AgnieszkÄ™ KaczorowskÄ…, BarbarÄ… Bursztynowicz, Åšwiat Gwiazd, Barbara Bursztynowicz, Klaudii Lewandowskiej",nqNZLhAKXf0,PT5M58S,https://i.ytimg.com/vi/nqNZLhAKXf0/default.jpg
Åšwiat Gwiazd,UCShUU9VW-unGNHC-3XMUSmQ,2025-08-01,12:18,Karolina Gilon wyrzucona z Polsatu! Ibisz podsumowaÅ‚ to jednym zdaniem,"Krzysztof Ibisz w rozmowie z portalem Åšwiat Gwiazd zaskoczyÅ‚ siÄ™ swoim zdjÄ™ciem z 1999 roku.  ZdradziÅ‚ teÅ¼ jak wyglÄ…dajÄ… jego relacje z Hubertem UrbaÅ„skim, czy trzma kciuki za KarolinÄ™ Gilon i ile trzeba wysaÄ‡ na wakcje z rodzinÄ…? 

ğŸ¬ SUBSKRYBUJ NASZ KANAÅ â¡ï¸ https://bit.ly/3RoQWmZ
Åšwiat Gwiazd â€“ gwiazdy, show-biznes i life-style w jednym miejscu!

ğŸ¤ U nas znajdziesz:
âœ¨ Ekskluzywne videopodcasty Mateusza Szymkowiaka prosto z warszawskiego studia w Ethos Warsaw â€“ szczere rozmowy z najwiÄ™kszymi nazwiskami polskiego show-biznesu.
ğŸ¤ NajgorÄ™tsze wywiady i relacje z eventÃ³w autorstwa Klaudii Lewandowskiej i Jakuba Szewczyka â€“ z czerwonych dywanÃ³w, premier, festiwali i planÃ³w hitowych programÃ³w.
ğŸ¬ Programy na Å¼ywo, newsy ze Å›wiata celebrytÃ³w i lifestyleâ€™owe inspiracje, ktÃ³re pokochasz.

ğŸ‘€ Zobacz nas teÅ¼ na:
ğŸ“² Portal: https://swiatgwiazd.pl
ğŸ‘ Facebook: https://www.facebook.com/swiatgwiazdpl
ğŸ“¸ Instagram: https://www.instagram.com/swiat.gwiazd
ğŸŒ Twitter/X: https://twitter.com/SwiatGwiazd
ğŸµ TikTok: https://www.tiktok.com/@swiatgwiazd.pl

ğŸª© Åšwiat Gwiazd â€“ zobacz, czym Å¼yjÄ… gwiazdy!

#krzysztofibisz #polsat #karolinagilon","showbiznes, polskie gwiazdy, Å›wiat gwiazd, celebryci, Krzysztof Ibisz, polsat, relacje z Ibisza z UrbaÅ„skim, Karolina Gilon, wakacje, ile wydaÄ‡ na wakacje?, Ibisz w mÅ‚odoÅ›ci",long,12985,71,14,0,hd,false,True,24,"Jakuba Szewczyka, Krzysztof Ibisz, Ethos Warsaw, Mateusza Szymkowiaka, Karolina Gilon, KarolinÄ™ Gilon, Åšwiat Gwiazd, Hubertem UrbaÅ„skim, Klaudii Lewandowskiej",vI8zXrxTKP4,PT8M7S,https://i.ytimg.com/vi/vI8zXrxTKP4/default.jpg
Åšwiat Gwiazd,UCShUU9VW-unGNHC-3XMUSmQ,2025-08-01,10:05,Iwona PavloviÄ‡ przerywa milczenie. SkomentowaÅ‚a romans Kaczorowskiej i Rogacewicza,"Iwona PavloviÄ‡ podkrÄ™ca romans w TaÅ„cu z gwiazdami! W rozmowie z KlaudiÄ… LewandowskÄ… zdradziÅ‚a, dlaczego romanse sÄ… dobre, czy chce konfliktu z Tomaszem Karolakiem, co sÄ…dzi o relacji Agnieszki Kaczorowskiej z Marcinem Rogacewiczem i komentuje czy Hubert UrbaÅ„ski odnajdzie siÄ™ w stacji Polsat? 

ğŸ¬ SUBSKRYBUJ NASZ KANAÅ â¡ï¸ https://bit.ly/3RoQWmZ
Åšwiat Gwiazd â€“ gwiazdy, show-biznes i life-style w jednym miejscu!

ğŸ¤ U nas znajdziesz:
âœ¨ Ekskluzywne videopodcasty Mateusza Szymkowiaka prosto z warszawskiego studia w Ethos Warsaw â€“ szczere rozmowy z najwiÄ™kszymi nazwiskami polskiego show-biznesu.
ğŸ¤ NajgorÄ™tsze wywiady i relacje z eventÃ³w autorstwa Klaudii Lewandowskiej i Jakuba Szewczyka â€“ z czerwonych dywanÃ³w, premier, festiwali i planÃ³w hitowych programÃ³w.
ğŸ¬ Programy na Å¼ywo, newsy ze Å›wiata celebrytÃ³w i lifestyleâ€™owe inspiracje, ktÃ³re pokochasz.

ğŸ‘€ Zobacz nas teÅ¼ na:
ğŸ“² Portal: https://swiatgwiazd.pl
ğŸ‘ Facebook: https://www.facebook.com/swiatgwiazdpl
ğŸ“¸ Instagram: https://www.instagram.com/swiat.gwiazd
ğŸŒ Twitter/X: https://twitter.com/SwiatGwiazd
ğŸµ TikTok: https://www.tiktok.com/@swiatgwiazd.pl

ğŸª© Åšwiat Gwiazd â€“ zobacz, czym Å¼yjÄ… gwiazdy!

#iwonapavloviÄ‡ #tanieczgwiazdami #agnieszkakaczorowska #huberturbaÅ„ski","showbiznes, polskie gwiazdy, Å›wiat gwiazd, celebryci, Iwona PavloviÄ‡, taniec z gwiazdami, romans Kaczorowskiej i Rogacewicza, Tomasz Karolak, konflikt z Tomaszem Karolakiem, Hubert UrbaÅ„ski w Polsacie",long,29120,128,16,0,hd,false,True,24,"Marcinem Rogacewiczem, Mateusza Szymkowiaka, Ethos Warsaw, Jakuba Szewczyka, Hubert UrbaÅ„ski, Iwona PavloviÄ‡, KlaudiÄ… LewandowskÄ…, Tomasz Karolak, Åšwiat Gwiazd, Klaudii Lewandowskiej, Tomaszem Karolakiem, Agnieszki Kaczorowskiej",toqHQnmQUKA,PT11M10S,https://i.ytimg.com/vi/toqHQnmQUKA/default.jpg
Åšwiat Gwiazd,UCShUU9VW-unGNHC-3XMUSmQ,2025-08-01,09:37,Ewa Kasprzyk bÅ‚aga o pomoc. Co siÄ™ wydarzyÅ‚o?!,"Ewa Kasprzyk zostala okradziona! W rozmowie z portalem Åšwiat gwiazd zdradziÅ‚a co jej ukradziono, dlaczego chodzi o kulach oraz co sÄ…dzi o romansach par w programie Taniec z gwiazdami. 

ğŸ¬ SUBSKRYBUJ NASZ KANAÅ â¡ï¸ https://bit.ly/3RoQWmZ
Åšwiat Gwiazd â€“ gwiazdy, show-biznes i life-style w jednym miejscu!

ğŸ¤ U nas znajdziesz:
âœ¨ Ekskluzywne videopodcasty Mateusza Szymkowiaka prosto z warszawskiego studia w Ethos Warsaw â€“ szczere rozmowy z najwiÄ™kszymi nazwiskami polskiego show-biznesu.
ğŸ¤ NajgorÄ™tsze wywiady i relacje z eventÃ³w autorstwa Klaudii Lewandowskiej i Jakuba Szewczyka â€“ z czerwonych dywanÃ³w, premier, festiwali i planÃ³w hitowych programÃ³w.
ğŸ¬ Programy na Å¼ywo, newsy ze Å›wiata celebrytÃ³w i lifestyleâ€™owe inspiracje, ktÃ³re pokochasz.

ğŸ‘€ Zobacz nas teÅ¼ na:
ğŸ“² Portal: https://swiatgwiazd.pl
ğŸ‘ Facebook: https://www.facebook.com/swiatgwiazdpl
ğŸ“¸ Instagram: https://www.instagram.com/swiat.gwiazd
ğŸŒ Twitter/X: https://twitter.com/SwiatGwiazd
ğŸµ TikTok: https://www.tiktok.com/@swiatgwiazd.pl

ğŸª© Åšwiat Gwiazd â€“ zobacz, czym Å¼yjÄ… gwiazdy!

#ewakasprzyk #tanieczgwiazdami #kasprzyk","showbiznes, polskie gwiazdy, Å›wiat gwiazd, celebryci, Ewa Kasprzyk, wywiad z EwÄ… Kasprzyk, kradzieÅ¼, oszustwo, romans w taÅ„cu z gwiazdami, Instagram, kontuzja nogi, ewa kasprzyk wywiad",long,22306,101,5,0,hd,false,True,24,"Jakuba Szewczyka, Mateusza Szymkowiaka, Ethos Warsaw, EwÄ… Kasprzyk, Ewa Kasprzyk, Åšwiat Gwiazd, Klaudii Lewandowskiej",KunE00sAIEo,PT4M35S,https://i.ytimg.com/vi/KunE00sAIEo/default.jpg
ESKA ROCK,UCCHNTwaJi25KHYLc0nhS-Dw,2025-07-31,17:15,JEST TAKIE JEDNO MIASTO W POLSCE... ğŸ¤¡,"ğŸ”” ZASUBSKRYBUJ ğŸ”” 
https://www.youtube.com/channel/UCCHNTwaJi25KHYLc0nhS-Dw?sub_confirmation=1

â¬›STRONA ESKI ROCK: http://www.eskarock.pl/
ğŸŸ¥FACEBOOK ESKI ROCK: https://www.facebook.com/eskarock/
â¬œINSTAGRAM ESKI ROCK: https://www.instagram.com/eska_rock","Eska Rock, Rock, Antyradio, Rockradio, radio trÃ³jka",long,1400,13,0,0,hd,false,True,24,Eska Rock,RQkI7bJrOXk,PT1M8S,https://i.ytimg.com/vi/RQkI7bJrOXk/default.jpg
ESKA ROCK,UCCHNTwaJi25KHYLc0nhS-Dw,2025-07-31,16:00,GRZEGORZ DOLNIAK: KOBIETA ZASNÄ˜ÅA NA MOIM STAND-UPIE,"GoÅ›ciem najnowszej Melliny jest Grzegorz Dolniak. Stand-uper zaczynaÅ‚ od kabaretu i tam dowiedziaÅ‚ siÄ™, Å¼e najgorzej jest wystÄ™powaÄ‡ przed gwiazdÄ…, na ktÃ³rÄ… ludzie czekajÄ…. PracowaÅ‚ w stoczni, gdzie staÅ‚ ""na oriencie"", byÅ‚ kwiaciarzem, a w kebabie byÅ‚ ofiarÄ… mobbingu.

Dolniak wspomina czasy harcerstwa: ""co za czasy, Å¼e siÄ™ dzieci do lasu wyganiaÅ‚o"" - tÅ‚umaczy dlaczego najgorsze w Stand-upie byÅ‚ niespodziankÄ…, ale otwiera siÄ™ na powaÅ¼ne tematy m.in. ojca, ktÃ³rego nie byÅ‚o w domu i alkoholizmu. ""Jeszcze pÃ³Å‚ godziny temu nie chciaÅ‚em siÄ™ otwieraÄ‡ na ten temat"" - przyznaÅ‚ w rozmowie z Marcinem Mellerem.

ğŸ”” ZASUBSKRYBUJ ğŸ”” 
https://www.youtube.com/channel/UCCHNTwaJi25KHYLc0nhS-Dw?sub_confirmation=1

â¬›STRONA ESKI ROCK: http://www.eskarock.pl/
ğŸŸ¥FACEBOOK ESKI ROCK: https://www.facebook.com/eskarock/
â¬œINSTAGRAM ESKI ROCK: https://www.instagram.com/eska_rock","Eska Rock, Rock, Antyradio, Rockradio, radio trÃ³jka, Grzegorz Dolniak, Stand Up, Å›mieszne, hahaha, Dolniak, Grzegorz, Kabaret",long,1507,79,5,0,hd,false,True,24,"Marcinem Mellerem, Stand Up, Eska Rock, Grzegorz Dolniak",4ucNOAiysHo,PT1H1M36S,https://i.ytimg.com/vi/4ucNOAiysHo/default.jpg
ESKA ROCK,UCCHNTwaJi25KHYLc0nhS-Dw,2025-07-31,10:01,JAK WYGLÄ„DAÅ POCZÄ„TEK KARIERY NATALII PRZYBYSZ? ğŸ¤”,"ğŸ”” ZASUBSKRYBUJ ğŸ”” 
https://www.youtube.com/channel/UCCHNTwaJi25KHYLc0nhS-Dw?sub_confirmation=1

â¬›STRONA ESKI ROCK: http://www.eskarock.pl/
ğŸŸ¥FACEBOOK ESKI ROCK: https://www.facebook.com/eskarock/
â¬œINSTAGRAM ESKI ROCK: https://www.instagram.com/eska_rock","Eska Rock, Rock, Antyradio, Rockradio, radio trÃ³jka, Natalia Przybysz, SzkoÅ‚a Muzyczna",long,960,10,0,0,hd,false,True,24,"Natalia Przybysz, SzkoÅ‚a Muzyczna, Eska Rock",dTzBom1FBsQ,PT2M2S,https://i.ytimg.com/vi/dTzBom1FBsQ/default.jpg
ESKA ROCK,UCCHNTwaJi25KHYLc0nhS-Dw,2025-07-30,16:00,KOBIETA W MÄ˜SKIM GRANIU? JAK CZUJE SIÄ˜ Z TYM NATALIA PRZYBYSZ?!,"ğŸ”” ZASUBSKRYBUJ ğŸ”” 
https://www.youtube.com/channel/UCCHNTwaJi25KHYLc0nhS-Dw?sub_confirmation=1

â¬›STRONA ESKI ROCK: http://www.eskarock.pl/
ğŸŸ¥FACEBOOK ESKI ROCK: https://www.facebook.com/eskarock/
â¬œINSTAGRAM ESKI ROCK: https://www.instagram.com/eska_rock","Eska Rock, Rock, Antyradio, Rockradio, radio trÃ³jka, Sistars, Natalia Przybysz, MÄ™skie Granie",long,1292,11,0,0,hd,false,True,24,"Natalia Przybysz, MÄ™skie Granie, Eska Rock",EMVOc65J3To,PT2M1S,https://i.ytimg.com/vi/EMVOc65J3To/default.jpg
ESKA ROCK,UCCHNTwaJi25KHYLc0nhS-Dw,2025-07-30,10:01,O HISTORII DZIWNEGO PSEUDONIMU ORNETTE!,"ğŸ”” ZASUBSKRYBUJ ğŸ”” 
https://www.youtube.com/channel/UCCHNTwaJi25KHYLc0nhS-Dw?sub_confirmation=1

â¬›STRONA ESKI ROCK: http://www.eskarock.pl/
ğŸŸ¥FACEBOOK ESKI ROCK: https://www.facebook.com/eskarock/
â¬œINSTAGRAM ESKI ROCK: https://www.instagram.com/eska_rock","Eska Rock, Rock, Antyradio, Rockradio, radio trÃ³jka, Ornette",long,1754,30,0,0,hd,false,True,24,Eska Rock,cyC_aD9nqi0,PT1M41S,https://i.ytimg.com/vi/cyC_aD9nqi0/default.jpg
ESKA ROCK,UCCHNTwaJi25KHYLc0nhS-Dw,2025-08-01,16:01,JAK SIÄ˜ WSPÃ“ÅPRACUJE Z NERGALEM? ğŸ‘€,"ğŸ”” ZASUBSKRYBUJ ğŸ”” 
https://www.youtube.com/channel/UCCHNTwaJi25KHYLc0nhS-Dw?sub_confirmation=1

â¬›STRONA ESKI ROCK: http://www.eskarock.pl/
ğŸŸ¥FACEBOOK ESKI ROCK: https://www.facebook.com/eskarock/
â¬œINSTAGRAM ESKI ROCK: https://www.instagram.com/eska_rock","Eska Rock, Rock, Antyradio, Rockradio, radio trÃ³jka, Nergal, John Porter",long,1395,9,0,0,hd,false,True,24,"John Porter, Eska Rock",hXvyMNXDzVY,PT1M30S,https://i.ytimg.com/vi/hXvyMNXDzVY/default.jpg
ESKA ROCK,UCCHNTwaJi25KHYLc0nhS-Dw,2025-08-01,10:00,CZYM SIÄ˜ RÃ“Å»NI KABARET OD STAND-UPU?! ğŸ¤”,"ğŸ”” ZASUBSKRYBUJ ğŸ”” 
https://www.youtube.com/channel/UCCHNTwaJi25KHYLc0nhS-Dw?sub_confirmation=1

â¬›STRONA ESKI ROCK: http://www.eskarock.pl/
ğŸŸ¥FACEBOOK ESKI ROCK: https://www.facebook.com/eskarock/
â¬œINSTAGRAM ESKI ROCK: https://www.instagram.com/eska_rock","Eska Rock, Rock, Antyradio, Rockradio, radio trÃ³jka, Stand up, kabaret",long,1087,14,0,0,hd,false,True,24,Eska Rock,VIqQazfj144,PT1M29S,https://i.ytimg.com/vi/VIqQazfj144/default.jpg
